fft_bin_0,fft_bin_1,fft_bin_2,fft_bin_3,fft_bin_4,fft_bin_5,fft_bin_6,fft_bin_7,fft_bin_8,fft_bin_9,fft_bin_10,fft_bin_11,fft_bin_12,fft_bin_13,fft_bin_14,fft_bin_15,fft_bin_16,fft_bin_17,fft_bin_18,fft_bin_19,fft_bin_20,fft_bin_21,fft_bin_22,fft_bin_23,fft_bin_24,fft_bin_25,fft_bin_26,fft_bin_27,fft_bin_28,fft_bin_29,fft_bin_30,fft_bin_31,fft_bin_32,fft_bin_33,fft_bin_34,fft_bin_35,fft_bin_36,fft_bin_37,fft_bin_38,fft_bin_39,fft_bin_40,fft_bin_41,fft_bin_42,fft_bin_43,fft_bin_44,fft_bin_45,fft_bin_46,fft_bin_47,fft_bin_48,fft_bin_49,fft_bin_50,fft_bin_51,fft_bin_52,fft_bin_53,fft_bin_54,fft_bin_55,fft_bin_56,fft_bin_57,fft_bin_58,fft_bin_59,fft_bin_60,fft_bin_61,fft_bin_62,fft_bin_63,fft_bin_64,fft_bin_65,fft_bin_66,fft_bin_67,fft_bin_68,fft_bin_69,fft_bin_70,fft_bin_71,fft_bin_72,fft_bin_73,fft_bin_74,fft_bin_75,fft_bin_76,fft_bin_77,fft_bin_78,fft_bin_79,fft_bin_80,fft_bin_81,fft_bin_82,fft_bin_83,fft_bin_84,fft_bin_85,fft_bin_86,fft_bin_87,fft_bin_88,fft_bin_89,fft_bin_90,fft_bin_91,fft_bin_92,fft_bin_93,fft_bin_94,fft_bin_95,fft_bin_96,fft_bin_97,fft_bin_98,fft_bin_99,fft_bin_100,fft_bin_101,fft_bin_102,fft_bin_103,fft_bin_104,fft_bin_105,fft_bin_106,fft_bin_107,fft_bin_108,fft_bin_109,fft_bin_110,fft_bin_111,fft_bin_112,fft_bin_113,fft_bin_114,fft_bin_115,fft_bin_116,fft_bin_117,fft_bin_118,fft_bin_119,fft_bin_120,fft_bin_121,fft_bin_122,fft_bin_123,fft_bin_124,fft_bin_125,fft_bin_126,fft_bin_127,fft_bin_128,fft_bin_129,fft_bin_130,fft_bin_131,fft_bin_132,fft_bin_133,fft_bin_134,fft_bin_135,fft_bin_136,fft_bin_137,fft_bin_138,fft_bin_139,fft_bin_140,fft_bin_141,fft_bin_142,fft_bin_143,fft_bin_144,fft_bin_145,fft_bin_146,fft_bin_147,fft_bin_148,fft_bin_149,fft_bin_150,fft_bin_151,fft_bin_152,fft_bin_153,fft_bin_154,fft_bin_155,fft_bin_156,fft_bin_157,fft_bin_158,fft_bin_159,fft_bin_160,fft_bin_161,fft_bin_162,fft_bin_163,fft_bin_164,fft_bin_165,fft_bin_166,fft_bin_167,fft_bin_168,fft_bin_169,fft_bin_170,fft_bin_171,fft_bin_172,fft_bin_173,fft_bin_174,fft_bin_175,fft_bin_176,fft_bin_177,fft_bin_178,fft_bin_179,fft_bin_180,fft_bin_181,fft_bin_182,fft_bin_183,fft_bin_184,fft_bin_185,fft_bin_186,fft_bin_187,fft_bin_188,fft_bin_189,fft_bin_190,fft_bin_191,fft_bin_192,fft_bin_193,fft_bin_194,fft_bin_195,fft_bin_196,fft_bin_197,fft_bin_198,fft_bin_199,fft_bin_200,fft_bin_201,fft_bin_202,fft_bin_203,fft_bin_204,fft_bin_205,fft_bin_206,fft_bin_207,fft_bin_208,fft_bin_209,fft_bin_210,fft_bin_211,fft_bin_212,fft_bin_213,fft_bin_214,fft_bin_215,fft_bin_216,fft_bin_217,fft_bin_218,fft_bin_219,fft_bin_220,fft_bin_221,fft_bin_222,fft_bin_223,fft_bin_224,fft_bin_225,fft_bin_226,fft_bin_227,fft_bin_228,fft_bin_229,fft_bin_230,fft_bin_231,fft_bin_232,fft_bin_233,fft_bin_234,fft_bin_235,fft_bin_236,fft_bin_237,fft_bin_238,fft_bin_239,fft_bin_240,fft_bin_241,fft_bin_242,fft_bin_243,fft_bin_244,fft_bin_245,fft_bin_246,fft_bin_247,fft_bin_248,fft_bin_249,fft_bin_250,fft_bin_251,fft_bin_252,fft_bin_253,fft_bin_254,fft_bin_255,fft_bin_256,fft_bin_257,fft_bin_258,fft_bin_259,fft_bin_260,fft_bin_261,fft_bin_262,fft_bin_263,fft_bin_264,fft_bin_265,fft_bin_266,fft_bin_267,fft_bin_268,fft_bin_269,fft_bin_270,fft_bin_271,fft_bin_272,fft_bin_273,fft_bin_274,fft_bin_275,fft_bin_276,fft_bin_277,fft_bin_278,fft_bin_279,fft_bin_280,fft_bin_281,fft_bin_282,fft_bin_283,fft_bin_284,fft_bin_285,fft_bin_286,fft_bin_287,fft_bin_288,fft_bin_289,fft_bin_290,fft_bin_291,fft_bin_292,fft_bin_293,fft_bin_294,fft_bin_295,fft_bin_296,fft_bin_297,fft_bin_298,fft_bin_299,fft_bin_300,fft_bin_301,fft_bin_302,fft_bin_303,fft_bin_304,fft_bin_305,fft_bin_306,fft_bin_307,fft_bin_308,fft_bin_309,fft_bin_310,fft_bin_311,fft_bin_312,fft_bin_313,fft_bin_314,fft_bin_315,fft_bin_316,fft_bin_317,fft_bin_318,fft_bin_319,fft_bin_320,fft_bin_321,fft_bin_322,fft_bin_323,fft_bin_324,fft_bin_325,fft_bin_326,fft_bin_327,fft_bin_328,fft_bin_329,fft_bin_330,fft_bin_331,fft_bin_332,fft_bin_333,fft_bin_334,fft_bin_335,fft_bin_336,fft_bin_337,fft_bin_338,fft_bin_339,fft_bin_340,fft_bin_341,fft_bin_342,fft_bin_343,fft_bin_344,fft_bin_345,fft_bin_346,fft_bin_347,fft_bin_348,fft_bin_349,fft_bin_350,fft_bin_351,fft_bin_352,fft_bin_353,fft_bin_354,fft_bin_355,fft_bin_356,fft_bin_357,fft_bin_358,fft_bin_359,fft_bin_360,fft_bin_361,fft_bin_362,fft_bin_363,fft_bin_364,fft_bin_365,fft_bin_366,fft_bin_367,fft_bin_368,fft_bin_369,fft_bin_370,fft_bin_371,fft_bin_372,fft_bin_373,fft_bin_374,fft_bin_375,fft_bin_376,fft_bin_377,fft_bin_378,fft_bin_379,fft_bin_380,fft_bin_381,fft_bin_382,fft_bin_383,fft_bin_384,fft_bin_385,fft_bin_386,fft_bin_387,fft_bin_388,fft_bin_389,fft_bin_390,fft_bin_391,fft_bin_392,fft_bin_393,fft_bin_394,fft_bin_395,fft_bin_396,fft_bin_397,fft_bin_398,fft_bin_399,fft_bin_400,fft_bin_401,fft_bin_402,fft_bin_403,fft_bin_404,fft_bin_405,fft_bin_406,fft_bin_407,fft_bin_408,fft_bin_409,fft_bin_410,fft_bin_411,fft_bin_412,fft_bin_413,fft_bin_414,fft_bin_415,fft_bin_416,fft_bin_417,fft_bin_418,fft_bin_419,fft_bin_420,fft_bin_421,fft_bin_422,fft_bin_423,fft_bin_424,fft_bin_425,fft_bin_426,fft_bin_427,fft_bin_428,fft_bin_429,fft_bin_430,fft_bin_431,fft_bin_432,fft_bin_433,fft_bin_434,fft_bin_435,fft_bin_436,fft_bin_437,fft_bin_438,fft_bin_439,fft_bin_440,fft_bin_441,fft_bin_442,fft_bin_443,fft_bin_444,fft_bin_445,fft_bin_446,fft_bin_447,fft_bin_448,fft_bin_449,fft_bin_450,fft_bin_451,fft_bin_452,fft_bin_453,fft_bin_454,fft_bin_455,fft_bin_456,fft_bin_457,fft_bin_458,fft_bin_459,fft_bin_460,fft_bin_461,fft_bin_462,fft_bin_463,fft_bin_464,fft_bin_465,fft_bin_466,fft_bin_467,fft_bin_468,fft_bin_469,fft_bin_470,fft_bin_471,fft_bin_472,fft_bin_473,fft_bin_474,fft_bin_475,fft_bin_476,fft_bin_477,fft_bin_478,fft_bin_479,fft_bin_480,fft_bin_481,fft_bin_482,fft_bin_483,fft_bin_484,fft_bin_485,fft_bin_486,fft_bin_487,fft_bin_488,fft_bin_489,fft_bin_490,fft_bin_491,fft_bin_492,fft_bin_493,fft_bin_494,fft_bin_495,fft_bin_496,fft_bin_497,fft_bin_498,fft_bin_499,fft_bin_500,fft_bin_501,fft_bin_502,fft_bin_503,fft_bin_504,fft_bin_505,fft_bin_506,fft_bin_507,fft_bin_508,fft_bin_509,fft_bin_510,fft_bin_511
9.8,33.52,31.42,29.84,37.39,42.23,41.73,36.01,26.44,24.34,-0.94,25.34,32.14,30.25,16.08,6.95,12.57,13.98,13.85,5.81,14.63,18.47,11.95,12.77,13.94,17.16,18.94,17.22,0.86,9.28,10.56,16.0,14.35,12.28,8.14,12.33,12.65,8.62,-1.12,5.93,8.95,9.34,9.68,12.03,5.03,10.33,7.89,3.34,5.81,11.25,6.32,7.15,4.61,3.58,11.14,10.55,5.17,11.64,7.59,9.98,12.19,3.92,5.77,4.33,7.67,10.01,-4.14,6.43,1.84,3.8,4.55,5.73,9.18,12.25,11.36,6.48,0.73,7.44,5.38,1.02,-28.49,11.9,15.21,15.72,13.52,6.32,5.05,4.82,-0.98,9.89,9.26,6.41,9.48,7.4,-1.41,-4.74,3.49,3.74,3.38,3.16,10.93,8.24,-4.83,0.78,4.19,7.82,9.07,3.76,0.71,-7.23,-6.21,4.58,10.57,5.18,3.7,29.96,37.2,32.15,7.42,7.68,7.43,7.39,5.27,8.4,4.31,2.82,4.45,8.71,4.69,-1.34,-0.4,5.77,6.1,12.04,14.66,11.29,3.18,3.37,5.53,2.45,0.19,-13.27,8.68,7.05,1.68,12.02,12.5,9.59,3.07,-4.51,-2.67,2.65,4.25,9.66,2.08,0.01,-0.3,4.23,3.07,5.84,3.36,4.6,7.84,8.8,8.09,4.43,8.5,3.67,0.76,3.75,5.23,-6.52,3.7,1.23,3.14,2.63,1.94,8.4,14.37,11.72,6.52,6.66,3.0,0.59,-0.09,-0.98,4.24,5.67,9.29,9.95,7.43,5.22,8.77,10.45,7.43,3.84,9.37,3.17,6.49,5.69,-8.2,1.22,-9.08,5.22,6.61,-0.84,2.61,4.36,-5.26,6.37,5.83,7.04,9.39,1.82,-2.46,-11.47,7.5,9.56,1.55,2.81,0.97,-2.19,1.84,3.23,8.91,8.48,6.78,1.35,-3.25,2.31,0.7,-1.09,0.97,2.78,-3.93,-0.09,6.53,2.82,1.85,7.55,0.08,-0.01,-1.11,5.69,5.84,3.28,-5.4,-3.51,5.97,7.94,0.54,3.76,6.13,-6.72,-3.13,-6.09,-19.7,-6.18,-3.22,-6.97,5.9,3.53,0.17,7.56,5.57,-3.96,-5.94,2.66,5.2,5.0,-1.82,-0.79,-0.85,6.65,0.93,1.77,5.47,-1.14,-5.16,1.54,-0.29,-2.42,-0.7,0.87,-4.7,-0.25,5.17,6.8,7.21,1.47,0.03,-4.05,-0.99,0.83,-0.53,7.45,5.38,-13.59,-4.7,-0.55,6.99,4.65,3.31,3.85,-7.83,1.7,-0.07,-3.63,3.77,2.38,-12.13,-1.76,-11.23,2.56,3.35,-0.11,6.09,0.56,4.01,7.01,5.27,1.68,3.79,6.27,5.56,1.88,0.4,-4.96,-3.98,-3.48,-1.09,2.5,2.32,7.43,10.05,4.06,-2.53,-1.87,-1.45,-3.38,-1.0,-11.07,0.4,-1.09,-4.2,-1.36,3.43,-0.66,2.89,3.55,2.54,-0.74,-2.09,0.3,-2.45,-1.4,-5.96,-5.74,-3.86,3.77,-1.68,-3.38,-8.74,-10.68,-3.21,3.29,6.12,5.61,-4.73,0.43,2.07,-19.5,-6.58,-4.43,-1.39,-3.61,-3.93,4.12,7.45,4.79,-1.25,-1.67,-7.8,-8.94,-3.0,0.97,-3.3,-5.17,-3.64,0.36,-2.81,-0.81,-0.84,-0.68,-1.04,23.56,28.62,21.37,-5.02,-3.76,1.67,-4.4,-15.21,-16.49,-8.57,-5.61,-0.4,-1.68,-5.4,-8.89,-14.69,-1.7,0.96,-6.83,-6.83,-6.5,-6.89,-14.99,-12.03,-3.31,-1.24,-4.44,-1.72,-1.14,-12.16,-6.42,-6.31,-5.22,1.91,4.02,3.42,0.03,-43.52,-11.0,-6.97,-4.88,-11.75,-6.18,-1.38,-0.6,-3.75,-7.36,-8.69,-9.52,-11.71,-7.19,-18.06,-3.92,-6.27,-9.91,-8.49,-10.63,-2.45,-4.68,-7.38,-3.43,-9.88,-4.9,-4.33,-11.99,-11.48,-8.76,-10.06,-5.11,-10.68,-13.44,-9.12,-6.8,-12.18,-5.66,-7.81,-8.78,-9.11,-12.41,-19.44,-10.48,-6.41,-7.05,-11.32,-7.62,-5.88,-4.36,-9.94,-12.02,-20.06,-4.47,-3.01,-5.05,-8.66,-10.25,-11.55,-5.47,-9.16,-18.95,-11.54,-11.47,-13.62,-20.18,-12.23,1.92,3.6,-3.51,-25.05,-6.94,-6.32,2.1,6.62,6.28,0.18,-10.14,-15.18,-14.71
-8.78,23.57,31.36,35.74,35.11,37.54,37.4,25.9,27.81,25.43,23.79,7.89,23.58,23.83,20.61,20.72,24.48,26.81,26.62,22.63,18.32,12.95,12.74,14.73,4.09,8.61,11.45,10.6,13.15,19.27,14.37,2.81,12.45,11.26,15.78,13.33,5.16,8.36,0.4,6.02,7.41,10.02,10.45,9.36,-4.51,9.77,9.39,9.81,9.82,6.58,-3.97,5.12,1.09,-2.31,3.64,12.04,6.22,-9.51,5.12,7.68,7.29,15.54,14.21,6.55,-6.88,1.39,6.88,12.41,7.58,1.23,7.5,4.96,7.61,5.39,6.6,4.56,0.08,0.85,6.21,6.38,6.21,7.48,6.51,5.47,-3.19,-2.98,9.45,14.19,9.81,7.21,2.29,1.66,6.24,3.12,5.18,8.39,11.31,8.41,1.85,6.85,4.3,5.85,7.18,0.25,7.49,13.39,7.18,6.18,11.83,13.65,10.99,7.62,8.17,17.05,15.0,31.27,38.17,33.71,10.78,13.1,5.15,5.62,6.94,11.92,14.42,4.46,1.78,11.81,13.18,10.65,12.55,12.3,10.01,-0.66,2.09,-0.85,8.35,5.8,1.15,4.73,5.17,-2.91,-3.51,2.7,11.41,13.72,-3.68,8.95,-2.34,11.41,10.52,8.24,0.71,8.39,2.41,4.07,3.31,2.73,8.23,9.84,7.28,3.53,9.24,9.06,-4.64,5.74,9.27,6.31,6.86,9.83,10.62,8.71,4.57,3.98,5.56,-2.64,5.9,9.35,2.02,7.17,9.08,5.15,-6.12,5.3,9.31,9.73,0.81,7.84,-17.98,8.28,9.03,4.92,7.22,9.51,5.69,-12.5,3.27,1.31,0.75,7.3,2.66,6.63,6.25,8.88,3.19,1.26,8.26,11.67,13.59,5.45,6.63,7.63,2.52,2.77,4.7,1.64,3.54,-3.33,0.14,-1.63,1.89,2.4,4.02,4.2,6.75,6.88,6.49,6.28,3.61,4.89,3.78,1.71,3.14,7.45,12.69,7.8,3.72,0.82,-11.57,-4.78,2.51,-11.71,-11.55,4.8,4.85,6.64,5.03,-10.56,-5.51,-2.3,5.93,4.42,-1.65,-10.63,-12.31,-5.68,-15.35,-5.73,-12.36,-10.84,-1.89,4.13,5.62,-2.62,-5.96,-11.06,4.46,6.06,4.21,4.12,-12.34,-12.43,1.65,-5.61,-12.6,-0.26,2.67,6.63,11.52,6.25,1.86,0.39,2.36,3.46,2.1,4.72,4.88,5.21,5.05,2.42,2.22,0.5,-0.03,-3.63,-1.91,-5.41,1.36,-0.53,2.42,0.49,0.09,5.21,4.15,2.87,10.98,9.04,5.57,-1.45,0.31,6.0,3.34,3.64,-0.39,4.2,-2.34,-1.94,0.0,-15.75,2.28,6.05,3.75,1.32,5.41,4.61,-20.94,4.04,-3.05,5.81,5.34,1.31,-10.32,0.97,4.88,2.91,-2.3,4.95,1.51,-7.25,0.99,-0.64,-0.13,3.94,5.81,4.96,1.95,1.3,4.21,0.65,-9.89,3.78,3.95,-1.83,1.82,4.34,2.67,-2.88,-2.4,-1.71,-3.41,2.47,-5.1,2.18,4.42,5.25,-8.38,2.64,-10.25,7.28,4.94,-3.84,-10.15,-9.68,-1.63,-2.12,-5.73,-1.28,1.32,-8.1,-5.11,-7.85,2.6,4.87,5.04,3.07,5.51,4.1,-5.94,-3.52,6.43,3.93,-1.19,-2.55,-3.17,4.72,2.29,25.12,29.58,22.68,6.17,8.24,-0.71,-1.44,1.88,4.46,2.59,-3.15,-2.35,3.86,-2.05,-9.57,-2.62,-4.03,-5.69,-3.25,-8.2,-1.92,0.96,-2.04,-5.34,-7.57,-4.52,-9.11,-8.79,-3.81,-1.42,2.94,-1.86,-14.33,-14.89,-6.24,-5.29,-4.44,-5.81,-5.75,-6.05,-11.42,-12.51,-8.05,-6.14,-7.45,-5.39,-8.09,-5.74,-11.95,-6.03,-1.2,-6.79,-12.49,-20.65,-7.72,-0.15,1.1,-7.15,-7.11,-9.65,-24.72,-9.18,-3.32,-11.7,-17.88,-14.95,-10.87,-20.13,-9.89,-6.77,-6.94,-7.59,-7.34,-22.76,-8.15,-7.35,-7.87,-10.76,-12.36,-18.44,-10.54,-13.9,-6.18,-3.76,-8.67,-7.56,-17.3,-6.57,-1.71,-7.86,-11.19,-10.38,-13.57,-19.33,-8.32,-10.52,-11.23,-5.92,-2.21,1.41,1.19,-1.55,-5.89,-6.76,-4.38,-4.81,-22.23,-6.92,-5.41,-5.17,-7.48,2.17,1.82,-3.51,-4.51,-11.37,-22.89
22.87,29.65,23.91,29.64,33.35,31.18,27.06,28.03,32.18,27.88,22.6,24.98,27.98,23.05,3.08,22.26,23.2,6.25,19.52,17.94,10.84,11.34,16.62,15.49,14.38,21.51,23.58,18.2,14.0,17.68,-0.85,16.31,12.99,15.05,16.75,16.94,17.51,17.65,11.84,6.7,13.8,14.85,2.87,10.39,7.18,-14.21,3.73,8.67,7.07,5.51,7.31,0.54,-4.66,-1.65,-3.21,7.73,10.57,11.56,0.03,7.73,-21.46,5.59,13.34,12.16,4.41,1.08,0.32,5.05,-2.07,7.36,-8.15,0.72,6.69,8.36,6.49,-0.19,2.2,0.57,1.78,5.85,8.4,4.25,10.61,10.04,-8.7,2.26,-0.59,3.02,-0.57,4.19,3.61,7.54,9.2,-2.02,-3.11,-1.2,-9.23,-1.27,7.67,5.77,-1.94,9.28,9.48,11.4,14.75,10.5,8.63,2.96,1.43,2.5,0.69,5.2,6.93,6.85,15.08,32.77,40.4,35.94,14.85,6.36,11.93,16.17,14.8,7.89,6.32,10.13,7.94,8.65,9.5,6.27,10.54,11.52,5.64,-6.85,1.24,-1.46,3.64,3.22,6.23,7.65,5.63,2.34,-2.57,2.63,8.26,2.17,-3.98,3.06,9.26,8.06,4.51,2.22,3.99,6.32,2.75,-6.42,-2.56,0.47,-1.2,1.5,6.04,6.18,8.13,7.86,3.0,3.85,-9.14,0.61,-3.16,-8.91,-10.56,-4.06,6.82,8.57,6.18,5.5,5.37,2.55,8.27,7.21,-19.99,0.96,-3.58,2.02,11.65,12.78,-1.44,8.77,6.29,-6.72,-5.58,5.38,8.67,-1.31,7.11,6.04,-1.18,6.17,10.54,9.85,1.98,4.36,3.14,6.9,11.49,9.51,3.53,5.81,4.56,4.26,3.92,2.21,2.97,1.78,2.96,0.7,2.45,3.76,-12.33,-9.72,-1.75,0.4,6.86,-1.71,6.01,9.86,6.49,-0.7,-3.31,-4.5,0.97,3.77,8.51,2.43,5.8,7.57,6.42,4.3,-3.28,-0.41,5.01,7.13,1.76,7.0,11.67,10.29,-0.71,-3.36,-10.29,-8.5,-23.14,-10.74,-1.68,2.83,-6.81,-4.07,-4.5,-4.13,-6.94,2.66,-1.84,-10.99,-23.4,-8.9,-10.82,-3.82,-1.31,9.68,11.04,6.33,1.0,6.31,4.19,-1.33,-4.24,3.27,5.35,6.44,4.66,1.11,7.24,2.44,-0.38,-6.02,-4.76,-2.32,4.87,8.19,4.34,-3.53,5.01,-1.38,-3.7,-11.59,-14.52,1.62,0.34,-1.55,0.73,-0.57,0.61,-0.24,1.45,1.71,1.97,3.14,0.84,6.73,8.67,4.07,0.19,1.39,-1.09,6.73,7.39,2.97,-4.47,2.7,3.73,-4.81,5.16,1.86,-9.3,-10.24,2.52,4.99,-5.42,8.86,7.7,-1.97,-7.66,-3.2,-24.22,2.91,3.96,-1.82,0.9,1.0,1.59,3.94,2.15,-8.7,-15.31,-13.84,-8.12,-4.38,-14.32,-1.29,-2.2,2.6,2.82,0.8,0.6,-3.95,-6.81,-5.14,-8.26,-12.16,-3.13,0.43,-1.96,-3.81,-1.59,1.88,3.03,-3.19,-10.29,-4.31,1.74,-3.87,-9.14,-4.43,-1.14,0.78,-0.66,-3.81,-3.39,-8.61,-5.97,-14.07,-1.76,4.08,3.05,-1.3,1.83,0.93,0.13,2.23,-1.56,-0.23,6.67,7.97,3.71,-2.02,6.36,27.36,31.82,24.19,6.35,-1.9,-2.03,-3.75,-8.46,-6.65,-7.88,-6.47,-0.8,0.93,5.12,1.73,-0.33,-0.59,-11.74,-4.36,-2.48,-11.45,-19.63,-11.7,-13.65,-12.86,-1.57,-3.27,-7.46,-6.78,-11.73,-8.25,-11.92,-9.18,-20.56,-1.72,-1.13,-7.65,-3.68,-6.19,-10.59,-11.65,-10.35,-12.76,-6.26,-4.52,-6.21,-12.39,-21.27,-6.07,-15.08,-8.53,-13.38,-12.87,-9.66,-2.06,-0.94,-8.7,-38.33,-7.1,-14.72,-3.52,-4.62,-7.59,-18.61,-17.28,-20.61,-15.85,-8.85,-10.92,-9.53,-8.08,-13.1,-30.52,-10.3,-7.13,-15.1,-3.16,-4.29,-11.6,-6.97,-1.23,-1.58,-2.4,-2.85,-4.75,-7.26,-4.07,-21.9,-3.37,-7.06,-3.63,1.58,-0.6,-8.36,-7.54,-6.66,-12.34,-13.66,-6.84,-5.69,-17.79,-3.15,-4.21,-23.93,-5.47,-0.72,-4.05,-8.08,-3.79,-0.09,-4.58,-7.66,-5.43,-4.76,-9.84,-21.95,-19.79
20.73,24.99,17.96,9.52,28.17,26.62,28.66,36.6,34.11,23.55,23.4,22.68,17.81,21.69,11.52,15.36,8.64,8.39,15.96,23.41,19.47,8.51,9.36,4.42,17.75,19.61,8.14,17.39,18.1,12.56,12.79,11.92,12.75,-7.96,18.38,17.09,12.95,2.09,12.02,12.28,9.87,7.46,-0.89,3.6,9.01,11.88,10.72,5.65,8.39,8.71,-1.82,10.13,7.65,6.84,11.23,12.06,5.3,7.02,-4.17,6.69,2.17,3.39,8.84,8.86,7.4,-4.83,-2.86,11.16,12.92,4.88,-9.6,-8.13,2.53,9.87,4.09,-3.69,3.07,8.17,13.16,11.08,-15.05,-2.16,6.58,4.5,6.3,7.72,7.22,12.57,11.49,12.25,11.49,6.11,0.05,3.94,0.65,5.21,5.07,6.73,11.0,8.03,5.9,6.33,3.06,4.99,0.11,8.18,8.18,4.42,2.81,-2.12,3.74,9.39,8.74,-0.53,5.1,31.31,38.75,34.4,15.02,3.97,-3.37,3.11,10.01,8.18,4.63,7.17,6.76,6.39,1.59,6.11,7.25,4.32,6.98,-2.7,4.4,9.17,11.46,5.55,7.98,-0.59,5.62,1.63,-2.85,-1.36,9.44,10.69,2.36,-0.8,3.63,6.82,9.33,8.56,11.71,10.49,-8.89,9.61,3.83,1.39,3.81,3.58,-0.91,2.29,1.41,2.68,1.46,6.68,0.55,-0.37,7.53,10.94,5.62,-3.0,-2.77,2.14,9.19,14.07,11.14,1.72,0.83,-2.83,1.46,6.85,8.88,8.5,-3.86,5.53,6.34,6.81,5.28,7.49,8.53,-6.11,-1.65,-1.72,0.44,-1.89,1.89,5.55,5.56,1.31,3.39,4.69,-5.04,-1.32,3.5,0.39,10.38,12.89,7.0,1.06,0.66,5.21,8.8,9.52,6.52,-3.49,5.62,2.96,7.21,6.5,-1.47,-0.24,4.72,-1.87,4.49,10.55,8.79,-2.35,-0.14,0.92,-1.72,0.99,-2.32,-4.8,-4.32,4.69,8.22,1.53,-3.58,7.22,5.68,5.55,9.66,7.27,-0.59,-12.88,0.28,5.65,7.6,7.81,7.86,4.62,-32.21,1.07,-3.71,-2.38,-5.06,-2.44,-3.79,0.89,-29.51,4.34,7.54,7.44,7.17,5.18,-0.24,-13.35,-1.26,6.55,8.92,4.79,4.79,6.33,-4.5,0.47,7.15,3.6,-5.51,-6.01,-3.62,-0.35,-3.09,-0.55,-1.6,-3.99,7.17,8.89,2.82,-3.69,2.88,-2.05,-3.42,4.48,5.18,0.84,3.47,-5.6,4.22,7.2,6.43,2.79,-1.81,-1.48,4.36,10.23,7.7,-2.38,0.7,-4.19,-7.98,1.69,0.37,-1.82,2.39,2.33,-1.34,-5.27,-2.92,-5.17,-5.17,-9.74,4.89,3.85,1.53,3.02,2.49,1.62,-7.73,4.44,4.82,2.69,-2.67,-7.11,-3.61,-2.58,6.65,9.58,4.63,-2.45,-7.47,-7.73,0.76,6.07,2.62,-5.36,-4.57,1.56,-3.72,-2.55,-3.92,-3.06,-6.36,-1.95,-1.76,-4.21,-1.92,3.84,-14.21,4.57,5.76,2.54,3.23,0.69,-2.59,-7.08,-4.06,4.24,2.97,-7.88,-9.53,-5.14,-1.14,-7.61,1.07,-1.49,4.39,2.06,-2.78,-10.02,-0.42,-3.03,-0.31,-1.4,-6.15,-1.32,-1.07,-0.69,-3.34,0.11,1.89,-4.96,-11.64,-4.42,6.52,25.82,30.17,22.73,-3.54,-9.46,-0.2,0.39,-5.3,-11.35,-6.46,-4.94,-1.29,-1.33,-9.4,-4.79,-6.64,-3.6,-4.05,-2.08,0.83,-3.48,-5.33,-5.24,-9.76,-6.8,-10.51,-4.8,0.51,1.2,0.3,1.33,-4.08,-3.78,-5.22,-7.24,-5.21,-13.95,-27.1,-1.13,0.94,-4.16,-9.39,-16.26,-8.77,-2.97,-10.3,-21.27,-22.76,-8.61,-0.59,-2.39,-16.45,-19.05,-6.66,-5.32,-5.45,-10.97,-12.59,-8.02,-19.22,-8.06,-9.98,-3.34,-4.26,-8.82,-8.3,-5.88,-17.9,-7.71,-8.17,-11.13,-6.28,-5.24,-8.28,-13.86,-18.65,-10.65,-8.28,-6.18,-6.52,-17.45,-6.12,-2.39,-1.15,-26.64,-7.3,-8.54,-7.89,-8.49,-3.29,-4.1,-14.18,-2.77,-4.69,-18.72,-13.77,-15.46,-5.05,-1.25,-8.6,-17.45,-17.6,-11.54,-15.45,-6.74,-9.79,-7.19,-6.5,-8.23,1.32,3.43,-4.52,-11.07,-9.1,-23.89,-25.64,-28.1
20.73,28.14,22.65,26.09,31.52,36.29,33.46,26.04,25.79,17.55,26.55,28.24,28.83,26.09,14.37,15.26,13.43,17.07,17.37,13.04,8.33,-4.71,18.87,23.14,22.16,17.64,5.94,10.62,16.16,18.9,19.6,13.09,-3.83,3.14,8.85,12.41,13.57,8.39,14.72,13.38,8.28,11.0,15.53,7.73,8.4,12.44,14.25,12.79,7.1,-8.33,5.0,8.86,4.15,11.41,10.54,6.53,10.81,6.92,9.81,10.48,9.99,9.89,12.63,13.43,12.65,6.81,4.87,4.24,3.41,10.53,7.65,-6.77,3.7,3.47,-5.21,6.24,10.69,8.88,7.23,2.39,7.83,11.39,14.48,11.49,3.45,0.84,7.09,9.8,6.66,-11.56,3.62,2.82,10.99,14.92,13.65,8.03,4.99,-7.12,4.85,-4.8,4.89,3.06,7.22,3.43,2.74,3.64,-0.02,4.81,10.6,5.91,2.9,1.83,7.71,9.38,14.04,32.29,39.94,35.1,11.51,0.02,-2.62,3.7,6.73,1.0,2.77,11.13,11.79,9.26,-2.4,-20.75,-1.34,-3.98,4.18,1.55,0.39,0.19,10.26,1.29,9.99,7.69,-14.65,-8.87,-8.09,5.7,5.86,0.89,4.83,-0.26,4.07,0.79,10.58,12.57,10.01,4.11,7.92,15.35,20.21,15.18,11.46,11.06,-10.46,5.53,-27.9,9.99,12.19,12.85,13.51,8.86,-0.26,2.96,5.33,4.64,-2.41,3.18,8.35,9.95,6.74,-1.3,8.56,3.17,-2.18,3.24,-1.38,-0.61,3.65,4.56,7.7,5.9,0.27,4.94,5.12,-3.68,7.0,3.01,1.47,4.96,0.72,10.23,10.17,5.79,1.67,2.35,0.03,4.85,10.22,9.03,7.23,7.83,5.99,4.1,6.13,-0.31,4.19,8.81,3.49,8.17,6.21,7.76,7.36,-6.63,0.34,1.14,-7.67,1.77,6.6,8.15,8.24,7.48,1.76,-4.1,-5.13,-1.18,0.54,-2.37,0.88,6.88,8.7,5.5,1.79,-6.01,3.37,5.61,3.45,0.6,3.4,8.03,6.58,0.49,8.47,4.78,-1.6,0.67,5.17,5.58,-1.05,-3.02,0.64,-3.04,-1.19,5.41,4.97,0.43,-1.92,4.38,8.04,0.08,6.02,7.46,2.78,-0.09,2.69,4.8,2.55,-6.98,0.83,4.47,7.63,5.77,-0.28,-3.6,-0.76,-2.5,-6.56,-5.5,0.21,5.92,6.62,6.48,4.9,0.0,-9.4,-0.77,-1.55,-8.75,5.3,5.68,4.04,5.95,1.26,6.48,1.87,-2.69,3.61,1.62,3.35,5.2,4.52,6.26,7.4,2.02,-2.91,-0.64,-1.38,2.67,7.01,7.02,-2.5,1.62,-1.89,-0.46,3.49,-7.11,1.48,1.28,-3.46,2.07,3.86,0.63,-0.28,-4.64,-5.51,-0.9,-6.41,-1.14,4.23,-5.58,2.26,5.45,3.79,-1.43,-7.11,-0.13,0.52,-1.89,-5.2,3.83,8.45,7.74,7.0,4.77,-35.59,0.15,-16.42,5.53,5.86,9.52,14.51,9.63,2.14,-1.83,4.03,6.53,4.51,-5.43,-2.13,-6.63,-1.5,-5.56,-0.67,-0.84,-14.63,-15.7,-21.84,0.79,3.09,-5.82,3.2,-6.82,-6.81,-5.75,-3.18,-11.3,-8.84,-28.81,-10.21,1.51,3.97,3.28,-5.13,-7.1,-1.39,-4.46,-11.05,-8.36,3.03,26.51,31.35,23.7,5.32,0.52,-1.19,-7.12,-6.23,-3.32,1.33,-4.47,-9.53,-5.88,-6.9,-6.3,-2.59,-6.82,-5.09,-14.84,-5.3,-17.52,-5.37,-2.45,3.06,4.28,0.27,-7.97,-7.36,-21.98,-4.53,-1.48,-4.22,-10.62,-8.17,-0.27,2.69,-0.49,-4.18,-9.72,-5.05,-3.51,-1.8,-6.29,-17.93,-9.45,-9.2,-20.15,-5.63,-2.82,-9.93,-9.49,-8.77,-7.23,-1.38,-0.75,-1.66,-4.54,-4.6,-4.29,-5.05,-8.27,-4.36,-8.86,-5.05,-4.28,-11.67,-7.12,-11.25,-23.9,-9.54,-4.03,-2.68,-4.7,-8.82,-10.05,-2.24,-6.77,-10.04,-5.06,-3.89,-10.5,-5.5,-6.93,-10.63,-16.74,-23.73,-7.6,-1.12,-2.05,-5.08,-10.79,-16.55,-4.77,-0.55,0.15,-4.31,-26.69,-16.61,-11.55,-7.88,-8.56,-12.29,-11.9,-12.65,-2.36,0.27,-1.24,-3.38,-13.93,-6.57,-7.27,-2.14,0.28,-5.82,-13.65,-23.5,-21.95
28.02,33.27,32.05,36.39,30.9,25.67,17.88,11.23,16.18,17.09,19.48,-2.3,22.92,19.8,16.71,18.87,18.77,11.53,18.86,20.8,14.4,15.3,13.64,5.3,16.3,12.79,18.28,12.08,11.87,14.6,11.94,4.81,9.9,3.22,12.2,11.38,15.07,15.62,16.17,2.77,16.57,15.51,5.33,-0.56,1.9,8.68,13.82,10.55,-4.69,0.7,8.74,4.36,7.92,7.2,4.48,10.24,8.59,6.7,10.7,9.01,4.47,4.31,-11.72,6.5,-3.23,12.35,14.33,3.73,6.03,4.89,9.53,8.04,4.99,8.97,10.97,6.01,-3.65,5.39,5.53,0.18,-2.55,7.33,10.47,12.12,11.73,9.27,2.0,-4.42,6.15,4.29,6.63,9.71,-1.41,5.48,5.65,0.61,10.87,12.16,7.93,-1.65,5.13,4.2,3.12,6.67,10.85,9.87,2.89,0.51,-0.25,3.59,3.8,5.39,13.11,12.65,10.09,32.79,40.17,35.46,10.35,8.63,4.36,11.47,11.7,8.53,10.33,10.08,5.89,5.32,9.09,12.28,5.63,3.43,7.76,0.31,4.33,3.64,2.27,-0.36,3.52,8.03,11.25,9.06,4.8,2.95,0.64,8.22,4.93,7.18,5.29,-0.42,2.73,7.17,2.51,-1.41,10.77,7.46,-15.44,2.93,4.19,3.19,-7.8,-14.42,-0.06,5.27,5.14,8.71,5.35,3.04,5.71,4.56,4.89,8.02,5.45,1.8,8.11,10.21,3.99,11.57,3.0,6.74,5.14,-0.25,2.74,5.68,7.57,2.62,4.58,8.3,9.7,5.55,0.13,3.03,6.25,3.79,-4.88,3.46,4.82,-0.16,5.94,1.24,-0.41,3.15,3.91,3.66,2.69,6.38,6.92,7.93,6.13,7.06,8.83,9.25,4.37,-5.51,-3.82,5.46,3.92,5.11,7.11,3.63,-1.06,-8.31,-0.83,6.13,9.72,10.1,5.0,-3.88,-2.4,8.31,4.57,6.59,3.23,1.31,7.4,10.7,-1.74,5.4,0.2,-7.45,0.22,-2.74,-10.31,-5.08,-4.52,-1.88,-2.97,-4.56,-4.3,-8.85,-1.61,-4.14,-9.63,-0.93,-1.75,-2.42,3.58,-2.42,-1.91,-1.05,-9.85,-4.42,-1.93,-9.25,-4.72,-5.01,-3.55,-2.43,-5.18,-5.75,-11.11,-3.57,-0.61,-8.35,-0.8,4.39,-2.97,9.58,6.25,0.09,1.92,5.25,3.17,6.86,-3.76,-5.38,3.35,8.43,8.01,4.37,-2.6,-10.23,-3.01,1.62,5.06,3.03,1.76,3.25,-5.98,-7.97,1.99,6.79,6.38,4.51,3.53,5.28,4.21,3.62,-0.11,0.78,0.99,0.16,-3.42,-1.93,2.79,-3.38,1.54,0.14,-8.2,0.31,2.76,-0.5,-3.49,1.85,5.96,4.53,0.72,-1.28,3.59,1.69,-1.34,-4.39,0.91,2.48,-1.41,7.18,-0.42,5.7,3.57,-2.82,0.73,3.27,0.1,-0.31,0.77,-1.94,0.24,3.61,-0.06,0.04,-5.37,-20.06,-13.2,-2.34,-1.41,-2.63,-20.86,1.64,4.95,-7.17,-3.49,1.13,-3.31,-6.61,-0.97,0.9,-1.46,1.78,-5.75,-3.64,-1.84,2.33,4.47,1.2,-3.39,-7.38,-4.79,-3.51,-2.88,-6.99,0.39,-3.94,-1.96,4.7,1.47,-2.39,-1.95,2.19,2.38,0.49,3.56,3.31,-3.94,0.26,1.86,26.88,31.58,24.2,1.35,3.79,4.2,-3.53,-5.35,-5.52,-9.67,-8.72,-6.61,0.31,1.26,-3.02,-6.66,-5.73,-4.82,-11.93,-2.25,1.87,0.55,-9.71,-4.96,-5.12,-12.41,-1.16,-4.26,-6.83,-4.96,-15.82,-9.41,-2.23,0.14,0.43,-1.32,-4.54,-14.67,-11.91,-6.77,-6.92,-16.37,-6.67,-1.75,-3.84,-7.95,-5.12,-3.67,-8.44,-7.47,-10.01,0.54,-1.46,-17.67,-7.61,-25.52,-10.22,-10.07,-5.8,-4.18,-8.32,-6.69,-5.1,-10.98,-8.56,-7.91,-11.86,-7.4,-15.61,-21.7,-6.32,-3.11,-8.35,-15.42,-18.03,-12.56,-2.56,-1.54,-15.93,-2.48,-3.2,-4.05,-7.91,-7.34,-17.03,-10.07,-15.92,-8.77,-6.46,-9.23,-10.01,-3.61,-9.51,-6.27,-17.24,-9.92,-8.44,-10.11,-3.95,-6.06,-14.03,-7.86,-7.4,-11.5,-8.19,-5.67,-24.41,-10.42,-14.28,-15.71,-25.21,-21.37,-10.0,-9.77,-4.07,-10.43,-18.58
18.48,20.18,25.69,27.99,31.05,36.15,32.38,17.54,-0.85,17.18,13.49,26.04,26.47,19.71,8.87,13.71,6.45,19.65,20.89,16.95,12.42,11.31,10.91,16.63,16.88,16.14,6.28,10.36,16.49,17.83,15.02,9.47,12.07,12.42,14.73,19.7,20.62,4.97,15.97,13.92,10.82,8.21,3.42,5.06,11.42,9.63,6.18,8.38,9.05,12.44,9.49,3.81,6.09,11.59,14.83,9.42,5.92,-7.59,-0.74,9.09,8.01,-1.22,5.46,10.0,14.47,17.22,15.2,10.24,12.35,9.25,4.25,-1.14,-1.69,-2.79,5.87,-0.5,-2.12,-3.83,9.78,9.97,6.04,9.41,7.71,8.39,4.2,4.44,12.89,13.41,0.02,2.79,3.96,-7.6,1.7,8.71,9.55,-3.91,3.91,10.58,12.41,8.93,4.74,9.03,7.35,-2.47,-7.47,4.1,2.92,5.6,2.39,8.75,7.21,8.67,11.02,-3.26,3.32,32.99,39.96,35.12,6.64,-3.78,9.69,6.72,-0.84,6.54,-0.87,-14.89,6.42,5.48,-0.93,-2.32,5.31,3.67,3.83,2.17,4.7,6.34,8.39,5.37,3.91,3.8,4.58,4.54,1.67,5.2,1.09,4.2,5.5,3.87,-0.6,3.65,6.92,10.69,13.78,8.52,1.88,1.32,4.96,10.95,-0.12,5.67,-4.56,0.77,8.56,-0.29,7.57,7.44,1.0,6.66,4.86,7.99,7.91,7.59,7.57,0.14,0.26,-0.48,4.15,2.82,5.93,7.15,4.49,0.32,4.12,3.09,7.78,3.68,8.3,6.05,1.57,7.72,2.48,-6.67,4.18,11.02,8.72,0.42,-2.38,-14.48,5.37,6.64,6.76,8.97,9.72,9.31,-0.96,2.29,5.29,0.76,-0.63,8.57,12.83,12.32,2.11,10.2,10.94,1.95,4.34,4.3,5.0,-1.54,-1.71,3.84,1.66,-6.15,-2.61,5.44,8.15,9.96,7.38,-3.21,2.19,-3.42,-20.72,-0.75,8.68,7.31,5.18,9.26,5.77,0.14,1.47,6.01,8.75,6.33,1.27,1.04,1.55,6.13,4.86,3.73,5.71,-1.46,-2.29,-5.87,-1.77,-6.01,-7.98,-6.04,-1.91,-5.96,-2.53,-1.73,5.38,3.39,4.4,5.67,1.02,0.44,0.64,5.61,8.01,5.22,0.64,-0.8,4.8,8.24,4.13,6.16,7.53,-1.94,-21.75,-4.78,0.79,-4.67,5.86,8.41,6.55,3.81,-4.3,-7.93,-0.19,1.97,-3.62,-3.6,2.96,2.19,2.22,-0.33,8.66,7.9,-0.31,9.88,10.36,6.05,-3.15,-1.94,2.59,-0.46,-3.87,6.43,6.8,5.98,3.72,3.52,2.23,-17.42,-5.65,-2.95,5.31,7.58,0.74,-10.23,-1.18,4.04,-2.12,2.24,4.45,-0.22,3.81,-0.94,0.08,-3.91,0.31,2.86,1.64,-1.62,-0.26,-5.0,-4.3,-4.5,2.86,2.85,3.08,3.14,-0.1,1.68,-4.08,2.31,2.39,-5.56,3.24,-4.5,-10.14,0.16,-5.84,5.31,-0.68,-4.5,-3.9,2.57,7.82,4.69,0.82,-2.46,-6.91,-2.4,-0.9,-2.19,-5.48,-1.36,-4.96,-2.19,-2.19,-3.05,-3.0,-1.64,1.32,-0.77,-2.53,-5.09,-3.53,-3.77,-2.19,-9.84,-8.58,-2.3,-1.35,-22.36,-8.91,-1.51,-8.82,-1.52,1.42,-11.89,-1.91,26.53,31.38,24.39,-5.58,-12.09,2.1,-0.32,-1.89,-0.44,-6.77,-3.82,-6.45,-5.41,-17.48,-12.0,-2.51,-0.83,-5.26,-1.17,2.23,0.35,-6.37,-14.55,-1.04,-1.9,-9.02,-18.43,-6.99,-8.25,-11.36,2.12,1.56,-6.97,-7.47,-3.29,-4.12,-2.47,-5.97,-2.21,-2.43,-16.22,-14.46,-13.24,-6.87,-15.34,-14.63,-14.36,-8.96,-4.18,-1.13,-3.38,1.4,3.34,0.48,-4.11,-8.8,-15.61,-6.72,-5.57,-15.78,-21.96,-9.33,-6.06,-0.7,-4.03,-9.79,-12.17,-6.84,-3.93,-7.52,-8.35,-10.74,-7.59,-5.89,-12.33,-14.38,-9.85,-7.32,-4.57,-2.63,-14.92,1.48,0.42,-4.82,-7.45,-7.97,-10.99,-5.79,-3.17,-4.76,-11.02,-16.23,-6.22,-5.72,-6.43,-12.04,-12.87,-11.63,-7.93,-4.3,-5.88,-19.24,-13.04,-18.24,-8.87,-2.31,-3.19,-15.11,-13.96,-38.17,-18.19,-3.07,-0.24,-5.3,-14.16,-15.19,-38.15
19.06,30.58,30.42,29.62,35.68,37.84,36.7,32.36,24.12,19.46,21.56,27.01,26.97,25.13,22.89,23.51,23.38,16.62,18.27,16.59,-1.41,12.93,8.4,14.92,13.75,9.72,17.46,16.82,6.84,10.5,13.09,9.0,13.88,-0.4,4.06,12.99,15.23,14.59,11.67,11.4,10.6,13.3,13.54,7.54,6.46,7.81,9.02,3.86,0.52,10.75,8.88,0.11,3.58,-2.08,6.85,9.63,8.52,2.71,6.76,6.17,5.83,-0.12,-0.02,3.71,9.25,8.09,-5.31,9.61,12.53,12.25,5.76,4.54,5.67,-9.19,-0.91,-7.23,1.91,8.46,10.24,5.51,7.83,11.75,11.25,9.37,7.68,-1.37,-5.34,8.27,10.16,-8.1,11.94,12.27,-4.81,-5.58,4.33,7.4,10.62,13.08,12.16,7.89,-3.21,6.92,7.63,1.31,1.08,-0.23,4.92,-2.59,5.0,6.55,2.82,6.38,7.79,9.57,10.95,33.23,40.21,34.69,11.19,10.34,0.9,9.55,13.67,9.59,1.78,4.2,-0.14,9.83,11.63,-10.84,2.98,3.92,10.83,5.94,4.32,0.47,-5.77,-3.99,-8.26,-3.0,7.0,1.66,5.42,10.51,3.99,3.31,9.58,8.26,7.98,4.27,-2.12,2.15,8.68,3.77,8.1,9.82,4.37,1.84,0.46,-2.05,-4.22,-7.72,-0.34,-4.89,4.56,8.35,10.75,8.6,9.86,10.4,8.82,6.05,5.04,9.91,10.79,3.29,3.34,5.89,0.52,2.08,9.2,8.09,-1.27,5.4,-9.52,10.12,12.92,11.32,10.65,5.8,3.29,-1.46,-10.23,-10.03,-0.62,-0.05,-7.25,5.24,10.28,8.72,4.13,4.4,-2.28,-8.87,3.38,4.02,5.41,6.54,9.01,12.45,10.24,-2.65,-5.78,-9.03,4.99,9.24,7.84,3.94,4.03,3.77,1.5,-1.99,7.69,6.63,5.2,2.95,5.81,9.02,3.22,-2.61,0.62,-0.32,6.16,5.6,0.53,-11.04,-3.59,-2.11,5.95,0.15,0.57,7.06,6.06,4.11,3.93,2.78,-5.94,-9.21,-0.01,-0.48,1.93,4.62,3.1,2.16,1.59,1.24,-9.18,1.17,1.49,1.99,2.89,4.35,1.63,-0.86,-0.42,-9.61,-6.52,2.17,3.29,3.44,5.3,6.27,-0.24,-0.79,4.98,-3.03,-4.66,-12.3,-0.65,4.34,4.9,-1.68,-0.73,-4.06,1.66,7.47,4.23,1.26,3.5,4.84,5.88,-3.84,-0.43,1.77,2.0,1.82,5.68,7.03,2.77,-11.47,-8.08,-5.16,7.73,9.91,6.44,3.88,2.72,1.24,0.58,-11.89,-5.22,1.4,1.09,5.6,7.13,2.06,-10.65,-3.37,-3.99,-13.51,-13.64,-5.07,-0.33,2.09,6.91,7.52,9.06,6.24,-13.73,1.38,-5.35,3.92,5.01,-2.14,-3.82,1.48,-1.08,-1.27,6.22,5.29,0.39,1.27,4.01,5.52,4.93,3.59,5.69,3.25,-0.62,-10.03,-5.68,-12.98,-9.66,-7.59,-5.08,-3.82,-1.34,4.03,2.31,-2.22,2.74,-3.86,-8.2,-1.95,1.76,1.94,3.21,-3.05,-2.59,3.94,-1.17,-5.15,0.24,-9.77,-15.27,-10.96,-12.89,-6.7,-2.89,-1.39,3.47,-3.42,-4.55,-19.02,3.94,2.16,-8.1,-3.63,-6.2,1.51,5.55,1.4,-7.32,1.91,2.8,26.09,31.62,24.64,2.22,0.73,-1.12,-2.63,-6.25,-2.65,-4.23,-11.97,-4.55,-9.72,-8.48,-8.5,-2.18,-2.95,-13.12,-2.25,1.98,2.81,0.29,-3.06,-6.18,-16.26,-15.86,1.37,1.04,-19.81,-1.01,-2.94,-16.69,-12.93,-3.95,-2.31,-0.57,-0.16,-4.14,-6.68,-2.02,-3.87,-10.52,-19.97,-13.61,-22.38,-7.34,-8.5,-7.57,-1.12,-0.94,-3.97,-18.79,-5.84,-4.76,-10.35,-14.53,-14.41,-8.84,-8.53,-8.19,-12.27,-6.75,-5.73,-8.6,-17.8,-12.32,-15.8,-7.48,-5.57,-15.97,-13.17,-7.86,-9.48,-10.67,-10.15,-4.25,-4.61,-7.57,-7.02,-7.01,-4.3,-3.89,-6.19,-15.61,-20.89,-6.33,-11.21,-7.64,-10.33,-14.73,-4.92,-4.38,-12.39,-9.13,-7.91,-15.26,-10.8,-26.37,-8.37,-6.69,-9.48,-2.82,-3.2,-4.49,-2.96,-1.72,-2.42,-8.04,-11.83,-8.56,-1.59,1.78,1.57,-1.82,-10.14,-15.92,-16.49
21.52,34.64,31.39,7.85,36.08,37.49,34.54,30.82,27.98,24.03,19.07,18.92,29.63,24.08,19.27,22.37,16.06,4.66,16.19,16.46,15.46,15.03,17.66,17.16,13.05,15.42,15.45,12.75,8.44,13.5,-5.17,5.28,-1.26,2.14,13.61,17.38,15.08,7.03,7.51,10.58,1.69,6.4,8.81,9.58,12.19,13.68,10.0,4.99,10.93,12.38,-1.13,4.49,3.34,1.44,2.57,-14.07,10.79,15.14,15.95,15.3,12.69,10.28,12.11,15.18,10.41,6.61,12.49,4.35,-3.48,1.87,10.22,8.37,11.87,11.0,3.83,-7.71,-2.49,3.64,4.54,10.9,8.27,11.52,16.08,14.29,3.72,0.74,10.32,12.65,7.28,5.43,7.9,10.4,16.07,12.55,2.05,-26.2,0.93,0.06,1.67,8.91,8.85,6.93,-3.41,2.52,-8.0,-0.59,9.3,13.19,13.56,5.79,5.02,1.72,0.94,9.44,7.56,32.61,39.54,34.59,13.55,7.21,10.65,9.88,6.23,6.74,10.04,7.28,6.38,-6.1,5.2,-1.77,4.62,-1.09,-3.05,2.63,2.98,1.5,4.08,-1.21,0.38,-6.83,5.34,4.58,-1.55,-1.37,12.01,13.14,6.41,2.47,2.77,2.36,11.97,15.68,14.87,9.12,4.37,5.32,-0.21,9.93,11.45,9.33,2.64,2.27,-2.79,0.53,8.53,9.16,6.97,3.19,-0.47,4.36,-0.4,9.75,10.09,4.76,9.1,3.66,4.38,4.81,-0.38,4.42,4.91,4.99,-4.15,-2.92,4.82,5.49,10.36,9.17,-4.26,6.55,3.06,-0.44,-1.73,-4.77,-5.89,-0.99,-4.38,7.4,5.82,5.77,5.46,7.68,9.17,4.64,-3.62,0.85,-0.7,-0.16,-12.65,3.14,6.04,1.55,6.41,10.98,5.1,-9.45,-17.58,-0.15,0.84,-0.88,4.34,5.48,6.55,5.26,2.87,-14.63,1.88,-5.39,-1.54,1.3,0.12,-8.78,3.47,10.74,4.22,-0.95,7.67,8.28,-6.25,-6.6,-0.23,-1.62,3.39,-4.87,-1.22,-1.8,-8.06,-1.81,-1.07,6.98,-4.26,-2.86,-4.99,-8.38,-0.8,3.82,-23.58,3.76,-0.86,-8.54,-5.21,-3.13,-4.69,6.6,-1.41,-2.28,-8.56,-2.42,-1.83,-5.65,2.64,-2.44,-1.04,-7.54,-7.32,7.24,6.63,-2.06,2.98,9.51,2.25,-10.06,-1.32,-0.11,-3.07,-6.97,0.29,-16.59,1.15,3.48,4.73,3.6,2.41,-2.83,-1.23,-2.21,-19.69,-11.75,2.81,8.65,4.09,-0.9,3.56,0.62,-15.06,-2.82,-3.41,-1.9,-6.43,1.72,6.23,4.71,2.41,2.68,2.65,4.19,-7.5,-4.31,-9.25,-8.27,-5.23,-4.0,-0.6,2.89,-8.13,5.37,6.52,1.61,0.86,-6.99,-8.12,0.83,0.72,0.14,-4.65,0.39,-0.03,-0.92,4.54,0.14,5.38,5.02,-5.28,-0.48,-5.39,-1.85,1.92,4.03,3.36,-4.67,-8.19,-3.09,-2.85,3.81,5.88,4.32,-5.86,-0.46,-1.45,3.18,8.89,9.65,5.91,-3.78,-3.47,-3.82,0.02,6.68,5.55,-7.99,-8.12,-2.16,-1.41,-13.62,-6.56,-8.21,-3.0,-5.61,-4.26,-4.62,-10.51,-8.46,-2.92,-9.2,-2.49,-13.5,-1.44,-0.62,2.07,-1.26,-1.92,1.65,2.41,-1.2,5.09,26.0,30.95,24.02,-1.26,0.64,-7.95,-7.43,-4.01,-3.45,4.27,3.86,-0.13,-9.99,-17.43,-7.24,-13.41,-2.94,-1.15,-1.15,-8.41,-10.24,-9.42,-35.4,-8.54,1.83,5.33,-0.39,-3.06,-5.59,-3.92,1.36,-0.98,-10.69,-7.97,2.56,4.29,-0.33,-3.85,-1.19,-7.7,-8.68,-15.0,-20.14,-8.98,-1.88,-1.09,-4.74,-2.99,-11.34,-16.95,-9.43,-1.28,-7.11,-3.73,1.02,-2.15,-4.19,-1.93,0.53,1.06,0.09,-4.33,-29.23,-12.95,-14.42,-12.43,-11.61,-17.81,-4.03,-5.58,-11.77,-7.03,-3.47,-5.11,-7.95,-8.95,-11.44,-16.96,-7.81,-11.03,-11.99,-4.13,-1.93,-5.91,-17.19,-21.42,-15.17,-27.36,-7.59,-12.44,-9.11,-6.44,-6.89,-9.53,-5.9,-5.74,-8.64,-8.84,-8.24,-8.86,-20.06,-10.47,-4.49,-7.69,-4.7,1.06,-9.2,-11.24,-7.46,-4.44,-2.97,-0.45,0.94,-1.09,-19.99,-14.89,-14.14
13.66,20.68,20.02,27.38,35.39,40.59,37.22,24.15,25.16,23.1,26.11,16.86,29.55,25.92,19.37,17.98,-8.34,13.67,18.42,21.88,20.9,14.93,5.66,5.53,7.57,10.77,15.91,14.78,4.45,12.43,3.92,7.69,-1.86,5.47,16.13,19.16,12.7,13.57,2.81,14.87,11.09,14.24,15.18,9.78,-3.89,11.86,9.78,8.86,10.39,12.45,10.95,15.33,16.35,11.96,5.62,4.37,4.46,9.97,1.79,2.76,3.46,-3.38,5.19,13.29,10.31,6.35,-1.04,1.4,6.34,8.95,10.3,7.17,3.69,-5.67,4.77,5.24,-0.31,-0.36,1.87,5.37,8.59,11.47,7.24,0.44,3.68,-4.38,0.2,6.32,7.95,8.39,-6.97,10.92,12.59,11.8,-0.19,7.96,8.56,12.53,15.47,11.09,-3.74,6.62,6.12,6.07,6.77,11.58,12.77,12.54,11.44,10.05,7.81,12.56,14.29,11.44,11.68,31.32,38.99,34.14,10.06,12.03,5.58,6.94,10.46,7.38,8.54,0.15,8.8,-0.87,5.19,-19.41,1.01,1.19,4.95,4.57,10.48,4.95,-8.95,8.04,9.43,2.4,6.61,-12.93,4.19,8.63,6.88,6.29,9.48,9.77,7.56,5.81,-6.18,-14.63,-4.46,0.59,10.95,10.6,9.61,3.71,-1.94,5.16,3.62,2.76,7.35,7.85,-1.74,0.15,-2.8,4.2,0.7,-11.24,2.91,4.33,-3.06,0.38,-18.83,-5.03,-0.73,-1.28,8.17,9.48,9.9,8.76,3.87,-3.54,-1.86,-11.43,4.61,5.7,2.03,-3.58,2.64,7.36,9.09,9.58,4.31,2.87,3.8,2.32,9.4,11.75,9.19,4.83,7.24,6.24,0.17,4.11,7.41,4.26,5.63,12.91,10.32,6.39,8.6,9.2,9.42,5.49,-1.25,-10.81,6.06,6.27,-1.04,-3.87,4.98,2.73,1.47,7.94,6.68,1.89,0.14,-6.85,1.42,3.93,0.1,0.17,-4.77,6.81,8.75,6.6,4.01,-5.3,2.73,1.17,-2.41,-5.67,-2.75,2.73,7.99,6.5,-1.45,-0.15,1.4,-12.22,-7.43,3.18,4.24,3.88,4.28,3.83,4.13,3.03,-7.55,-12.61,1.06,-0.49,-1.93,6.01,7.46,2.17,-3.35,-6.43,-3.14,0.35,1.88,-6.25,3.04,5.58,7.67,5.71,-5.89,-1.09,-1.16,2.58,0.07,-8.39,-1.36,0.35,5.05,6.29,-0.19,0.89,3.19,-5.84,-2.96,4.26,4.05,-12.93,-3.39,3.24,7.16,6.88,6.21,4.0,7.8,10.38,3.08,1.57,4.71,1.35,-2.6,3.33,4.33,1.83,6.12,8.65,6.26,-0.86,0.49,-0.41,0.85,6.14,5.59,3.81,-0.97,-7.17,-1.73,1.9,0.79,-15.2,-5.85,-7.56,-0.25,4.61,5.69,5.22,3.85,-5.56,-5.19,-9.5,-23.7,-4.25,-7.77,-0.44,-1.86,-16.07,-4.29,-0.8,-7.81,-4.97,-7.01,2.59,2.05,-2.56,-1.9,-0.3,-7.52,-2.01,3.92,4.82,5.13,-5.23,-10.4,-20.74,-12.21,-0.42,1.36,3.45,3.15,-0.14,0.37,2.05,-2.39,-19.92,-0.21,-4.39,2.48,1.1,-15.95,-2.26,3.28,-2.66,-2.44,-6.18,-6.5,-27.56,-2.48,-8.65,0.99,-7.85,0.61,-0.7,2.35,-1.25,-2.74,3.68,1.63,25.55,30.4,22.74,2.98,2.55,5.37,3.57,-1.27,0.85,2.17,3.18,3.32,2.08,-2.83,-3.62,-3.71,-3.25,-13.98,0.97,5.29,2.32,-1.84,-2.45,-10.83,1.11,1.85,0.08,-17.31,-2.67,-3.19,-4.94,-11.09,-15.77,-7.97,-11.09,-4.65,-0.43,-3.42,-6.75,-10.34,-12.77,-12.8,-7.41,-7.94,-18.18,-9.35,-5.98,-2.92,-4.37,-7.11,-12.21,-14.76,-7.61,-3.78,-0.86,-8.93,-17.96,-11.17,-11.96,-13.42,-5.06,-10.67,-11.1,-9.87,-3.83,0.47,-0.68,-5.23,-3.97,-6.12,-7.88,-7.23,-5.27,-20.34,-7.83,-2.63,-3.63,-7.2,-3.5,-15.35,-5.42,-6.44,-0.21,-3.32,-14.27,-22.44,-12.75,-17.18,-8.53,-17.01,-6.89,-6.03,-11.32,-14.94,-17.48,-18.01,-9.1,-3.41,-2.78,-6.53,-12.14,-33.11,-8.78,-8.01,-2.44,0.88,-10.9,-4.03,-8.14,-6.97,-10.9,1.83,4.3,-1.25,-12.93,-21.23,-26.1
23.84,22.26,28.03,25.05,35.58,38.07,37.23,35.33,31.5,23.21,22.32,24.08,18.37,29.15,24.45,15.94,21.08,16.3,17.27,21.24,23.65,18.53,15.79,15.5,13.19,17.83,4.95,7.68,-8.5,3.05,13.81,9.21,5.42,-3.36,6.46,17.12,18.45,8.98,17.72,16.55,13.99,15.96,14.82,11.9,-0.07,4.32,3.39,5.04,3.55,4.47,5.63,9.4,9.69,10.93,12.35,10.06,-3.73,8.85,3.76,5.63,10.11,3.99,-0.77,3.64,6.69,12.03,10.97,-8.66,8.08,6.92,5.76,6.13,-1.45,7.66,-2.72,5.33,11.57,10.58,-5.9,0.71,9.28,8.21,6.99,5.74,8.56,6.61,13.75,9.73,7.68,10.5,6.1,-0.07,10.76,8.98,2.98,8.86,7.47,4.7,12.66,6.85,-7.91,4.65,5.64,3.37,9.68,10.16,2.36,1.24,-1.33,1.66,1.73,-2.25,-1.29,-3.3,6.86,31.44,39.21,35.02,17.79,12.13,10.01,5.99,3.03,8.47,2.4,8.18,9.54,5.99,1.67,2.71,7.18,2.84,1.57,8.26,9.94,-4.86,0.25,5.86,9.86,-1.07,3.18,-9.56,5.27,5.97,6.34,1.91,5.23,8.48,7.65,7.51,5.03,-2.8,8.32,7.96,7.89,9.82,8.74,5.33,4.85,-0.05,6.61,7.82,-0.31,5.33,6.87,-0.21,2.19,6.3,-2.0,3.58,10.51,8.83,5.06,3.59,-7.92,6.83,7.19,1.77,1.2,-9.54,-5.21,4.61,-5.95,-5.35,4.91,2.08,6.62,-9.26,-0.46,5.81,7.99,-3.02,3.68,11.86,7.38,-2.61,4.88,4.68,3.25,8.02,11.59,13.05,-0.54,6.97,2.29,-0.71,0.48,2.84,0.61,-3.71,-16.45,-7.15,1.97,9.34,6.06,7.68,11.07,5.79,2.19,3.61,8.16,13.05,5.22,3.92,-6.45,1.88,-0.17,-3.01,3.06,-0.83,1.22,2.01,0.23,-3.87,-8.32,-1.35,-8.03,1.51,-6.01,-3.24,-6.51,7.58,12.24,8.36,9.31,6.11,3.15,3.82,5.1,-5.54,-0.7,-1.05,1.38,2.09,-0.78,-9.57,-16.23,-9.7,-0.89,1.92,1.19,-1.37,-0.97,-6.03,4.67,3.36,2.6,5.51,8.66,7.65,11.49,6.82,-7.26,-4.17,-7.09,0.52,-9.15,-2.46,-9.49,-5.1,-1.07,0.67,-0.18,-2.25,1.55,-4.49,-1.81,0.23,-8.26,2.15,3.34,11.16,6.28,1.6,0.19,3.66,8.92,5.5,3.78,7.03,-0.33,-9.56,-19.2,-6.23,-2.02,0.19,-2.24,-3.44,-0.56,4.09,-3.68,10.06,8.56,4.93,0.12,1.44,1.64,-5.92,3.94,8.42,0.25,-6.66,4.36,2.17,-4.21,-13.09,2.75,-1.8,0.95,-9.35,-10.17,0.47,-9.32,-13.9,-3.15,-2.58,2.7,2.38,-12.51,-1.07,0.38,4.05,5.71,-1.25,-7.01,1.3,-2.85,-5.34,1.66,0.13,-5.71,2.44,1.18,-5.52,-0.76,-0.31,3.03,4.06,2.08,2.05,2.38,-8.71,-1.11,1.36,1.39,2.2,-1.13,-4.54,-0.15,-0.61,-1.35,-16.23,-3.61,-7.99,2.91,-1.07,-6.82,-12.19,2.7,1.02,-5.8,-4.66,-0.3,-4.86,-5.98,-1.8,1.74,0.31,-5.62,0.44,-5.03,-2.3,1.74,3.76,9.32,26.44,30.62,22.86,-1.76,-12.31,-10.07,-11.29,-7.41,-7.47,-10.64,-8.11,-7.13,0.6,0.09,-6.3,-4.22,-5.16,-18.02,-3.34,2.5,-5.46,-2.96,-1.55,-7.57,-1.72,0.02,-10.71,-4.91,-0.56,-3.43,-1.62,2.39,-4.81,-3.0,-5.94,-4.83,-3.72,-2.72,-11.44,-18.06,-1.84,-0.88,-7.22,-15.68,-5.19,-14.35,-6.96,-7.47,-6.44,-5.41,-21.48,-2.85,-1.81,-7.34,-10.4,-15.18,-10.6,-4.48,-9.12,-11.11,-6.21,-18.44,-5.37,-3.17,-4.75,-6.18,-6.63,-10.54,-11.88,-13.07,-11.71,-13.62,-12.77,-17.89,-5.68,-2.98,-1.98,-4.17,-1.92,-0.88,-9.82,-0.71,-2.11,-12.96,-23.44,-14.73,-11.5,-6.81,-17.52,-29.47,-14.34,-16.87,-4.58,-9.03,-7.68,-7.47,-5.6,-0.6,-3.28,-7.72,-9.8,-5.05,-10.38,-3.3,1.14,-8.57,-5.51,-7.54,-8.38,-1.2,1.67,2.52,1.74,-1.58,-14.09,-17.84,-19.55
23.66,24.35,27.84,27.98,33.21,35.51,32.42,23.59,24.39,27.36,21.9,23.03,28.19,25.35,9.77,10.17,14.91,-3.16,8.73,19.29,23.95,23.11,20.7,10.25,5.44,1.62,8.34,15.31,15.12,11.95,8.9,9.88,5.78,9.91,14.79,16.45,20.24,15.0,14.66,10.1,1.94,11.55,13.0,5.4,1.49,8.73,5.99,1.28,-7.53,7.61,7.5,8.81,5.67,10.72,14.78,11.92,8.59,7.17,3.83,12.4,15.12,14.77,12.97,6.69,1.15,3.5,8.27,7.3,0.82,4.53,1.7,-3.98,-0.45,-3.9,-7.42,7.21,6.88,3.29,3.24,5.58,8.38,6.34,7.69,10.13,9.36,8.61,6.31,10.72,11.13,11.13,11.84,9.01,2.08,4.23,11.48,11.92,10.82,4.69,-10.21,3.16,8.59,-2.23,2.44,5.27,8.63,6.93,-4.95,3.94,-4.54,-0.56,8.89,1.16,7.04,11.69,10.38,32.54,39.19,34.01,7.9,4.04,12.31,13.78,11.75,5.29,4.18,8.1,5.97,-4.53,-1.37,10.02,4.59,8.6,10.14,7.92,-4.66,6.38,7.89,0.64,2.82,6.91,2.38,6.54,2.66,-5.45,4.02,9.91,4.63,2.7,8.24,3.53,8.63,6.74,6.47,3.63,4.37,11.12,9.29,6.07,8.45,9.87,1.97,6.9,8.45,2.34,6.81,8.06,5.4,4.76,-1.6,7.85,8.08,0.56,-1.2,6.42,6.26,6.37,0.9,2.92,9.64,13.54,11.04,6.42,6.84,10.28,-1.95,8.18,13.09,12.2,7.39,5.56,3.69,0.82,-1.36,-2.65,5.29,7.48,3.62,3.72,6.12,1.55,0.2,4.86,1.63,-5.83,-0.56,10.33,11.96,9.54,7.4,2.06,5.98,9.83,9.4,-7.79,4.99,-1.07,-5.63,6.08,9.26,6.51,2.1,-6.24,4.69,0.85,0.94,4.53,7.17,8.85,7.5,9.15,6.27,-1.68,6.89,8.11,7.65,3.97,0.53,8.65,5.76,-6.98,6.67,9.5,7.08,-3.1,8.5,9.94,1.78,-11.5,2.25,3.11,-2.62,-1.07,-1.56,-6.38,4.31,6.31,5.63,6.26,4.22,-6.49,-1.79,-1.33,-2.95,2.72,1.85,-12.03,1.21,9.34,7.89,-3.86,6.32,8.7,5.85,-7.83,4.75,7.66,-0.51,2.83,6.47,6.89,5.61,-2.92,4.85,7.71,6.0,7.3,5.57,2.87,-0.75,-0.95,2.87,-8.01,0.15,4.5,7.21,4.01,-7.74,-3.32,2.72,-10.24,7.01,7.41,3.51,-0.49,4.77,6.89,9.25,7.59,-3.33,-8.79,-1.31,1.86,-2.79,-1.6,2.97,0.51,0.33,4.14,1.92,-6.06,-4.93,-2.72,0.05,1.9,3.63,8.39,9.25,4.31,-6.05,6.24,2.8,2.25,6.82,9.27,5.36,-1.49,-3.51,1.82,1.73,1.78,-5.77,-4.23,3.25,2.99,-6.48,-0.25,0.34,2.93,1.64,-2.9,3.1,1.58,-3.55,4.36,2.9,0.44,3.56,5.36,-1.4,-2.35,0.55,0.65,2.57,-2.66,2.0,-3.54,-1.8,3.49,-2.43,-12.07,-4.01,-0.18,-4.39,0.05,-4.06,-6.38,0.81,-0.72,-12.05,0.62,2.77,1.21,-3.04,2.47,-8.94,-12.43,-1.85,0.22,-3.72,-2.8,3.62,5.58,4.07,-4.46,-0.51,25.42,30.6,23.94,1.59,2.87,-1.87,-8.01,-0.18,-9.66,-13.95,-5.42,-14.41,-2.63,-0.98,-4.41,-7.35,-12.34,-1.4,-6.83,-20.44,-5.65,0.44,1.45,0.94,-6.4,-8.58,-1.9,0.89,0.08,-0.03,-0.53,-5.02,-2.88,-2.21,-1.58,-4.06,-5.63,-3.61,-6.55,-9.01,-9.08,-5.65,-5.35,-20.07,-16.8,-13.34,-17.06,-11.69,-8.74,-12.78,-6.33,-5.48,-10.29,-12.92,-7.51,-1.39,0.32,0.5,-2.28,-11.09,-7.87,-6.66,-3.5,-0.75,-4.88,-10.29,-7.2,-8.74,-8.75,-23.65,-15.55,-10.99,-8.44,-15.54,-12.31,-4.8,-6.3,-16.17,-8.56,-3.92,-4.09,1.17,-2.82,-4.8,-9.78,-14.59,-10.47,-11.8,-9.19,-6.18,-6.27,-13.37,-20.71,-16.93,-13.21,-2.84,-0.71,-0.28,-5.06,-17.03,-35.35,-11.09,-16.29,-18.03,-3.12,-0.33,-6.05,-8.77,-4.01,-7.11,-11.02,-2.68,-0.97,-4.09,-12.62,-16.49,-22.22
7.12,14.29,30.85,35.74,36.27,31.5,31.44,33.18,23.54,24.04,23.55,24.41,30.85,30.76,22.5,23.85,28.0,23.79,16.9,18.79,20.36,13.07,12.43,16.84,12.59,11.34,10.72,18.55,13.84,2.89,9.31,11.26,17.12,16.29,16.02,12.84,14.53,15.8,13.8,12.69,6.69,-10.35,6.49,11.82,10.5,6.4,5.29,4.7,3.43,5.35,10.21,11.38,8.57,8.72,15.21,12.37,7.07,8.57,9.0,7.96,6.79,10.54,10.12,12.18,12.29,4.68,6.09,6.03,5.81,-3.8,0.02,0.49,3.82,8.91,12.81,7.74,7.6,3.99,7.48,6.81,3.22,10.22,3.17,5.09,1.49,3.97,7.13,8.71,10.42,3.97,5.87,5.88,-17.19,2.46,5.74,10.59,9.66,-2.03,7.94,8.75,-7.47,5.8,3.86,9.78,8.28,2.85,1.01,-4.78,4.23,1.23,3.8,7.21,5.86,2.24,9.23,31.12,38.64,34.3,13.77,8.9,12.86,-5.41,-9.15,3.97,5.28,5.36,11.11,2.72,9.02,13.2,10.51,1.77,-6.02,5.83,2.13,-8.04,0.03,6.07,3.43,3.51,1.49,-5.71,1.95,-0.44,3.59,-0.08,4.91,11.01,5.5,6.23,8.27,9.17,11.1,10.53,5.47,2.82,4.0,-1.62,2.08,7.06,2.92,-2.29,2.27,6.48,1.7,-7.63,-1.98,-0.2,4.0,4.03,3.58,9.91,9.29,7.31,-4.93,1.74,1.59,9.93,6.28,8.23,7.57,11.39,10.56,-14.62,7.83,8.11,6.76,6.01,4.86,8.1,7.17,-2.29,-10.02,6.56,9.13,-1.83,4.93,1.22,-12.11,2.79,8.06,4.83,-4.1,-1.88,1.23,6.51,6.87,5.75,4.59,1.94,8.34,7.87,3.37,7.17,7.51,3.93,2.08,-0.27,7.14,12.43,13.56,9.99,8.52,8.04,5.8,3.1,4.72,-1.06,1.75,1.73,-3.76,-10.48,4.15,6.04,3.5,-3.57,5.11,2.09,-3.77,7.51,11.11,6.64,5.75,-2.47,-5.15,3.5,6.42,9.83,6.88,-3.3,-0.97,3.64,3.5,2.53,-4.33,-2.53,-1.68,-2.57,-4.46,2.35,3.28,3.37,-1.24,-3.74,6.44,9.35,5.92,2.93,-5.72,-3.23,4.99,5.81,10.25,6.65,-4.69,1.03,4.06,-4.71,2.32,4.8,2.89,-11.68,-5.17,0.27,0.26,-2.61,3.09,1.44,4.07,6.27,6.7,8.1,11.61,10.46,5.12,-2.34,-0.09,1.72,5.23,4.87,0.98,5.43,5.87,-0.6,2.0,3.09,4.16,3.74,-1.54,-4.77,-7.01,1.81,5.02,-0.27,-15.25,-2.04,1.67,-5.21,5.73,3.15,-13.49,-5.86,3.52,4.44,1.14,2.21,2.91,4.19,3.88,-19.34,6.45,7.26,3.37,3.96,1.94,5.55,-2.77,-2.75,-9.62,2.67,4.6,5.16,-1.19,-0.86,-0.92,-5.17,-7.05,-12.68,-3.55,1.24,-3.02,-7.68,-2.54,1.55,-3.43,-7.32,-1.7,-2.95,-0.37,4.61,5.15,3.14,2.18,0.07,-0.78,4.71,-1.39,-6.55,-2.92,-7.03,-4.65,-12.43,-5.33,-3.33,-3.5,-0.94,-6.95,-15.16,-5.16,-1.44,-13.35,-5.65,2.96,5.64,1.4,-5.01,3.27,-2.41,-2.66,-4.09,-17.6,-13.91,4.56,0.63,5.26,25.71,30.05,22.53,0.53,-6.64,-3.07,-1.81,-5.26,-8.06,-4.96,-14.2,-8.44,-6.69,-1.39,0.1,-5.93,-4.09,-17.28,-1.37,-2.18,-12.5,-0.72,0.13,-4.7,-8.28,-27.51,-4.94,-5.13,-7.04,-0.78,-2.5,-4.25,-7.46,-10.12,-6.61,-8.67,-1.71,-8.64,-5.37,-4.73,-8.44,-4.86,-4.9,0.06,-3.83,-9.25,-12.41,-13.25,-17.14,-7.73,-7.58,-7.61,-9.31,-1.77,-1.96,-4.2,-3.9,-7.75,-6.86,-5.88,-6.5,-8.1,-3.08,-0.32,-6.83,-7.37,-4.66,-6.0,-10.99,-13.09,-12.06,-11.73,-10.73,-6.88,-5.72,-11.09,-28.68,-11.63,-5.77,-4.8,-3.14,-4.44,-6.6,-3.61,-3.57,-3.02,-8.91,-11.29,-18.04,-7.69,-3.07,-10.82,-10.93,-10.2,-6.19,-10.69,-11.16,-3.92,-5.74,-8.44,-2.08,1.75,-2.4,-5.44,2.59,2.38,-4.62,-7.06,-6.88,-10.66,-0.35,-2.65,-6.09,-2.01,-4.61,-10.4,-33.87
17.19,17.81,26.07,22.08,29.43,36.07,34.61,34.1,35.53,30.69,23.08,18.71,25.35,8.09,15.79,16.85,22.29,20.29,4.87,12.82,12.0,20.64,12.53,17.48,18.41,4.41,14.33,0.63,-2.91,-12.15,12.28,15.08,16.76,14.63,8.04,13.53,13.51,10.19,-3.48,7.17,8.84,3.43,1.27,4.01,6.1,6.73,11.53,8.75,3.22,9.59,11.25,4.65,3.21,7.99,5.28,-3.4,7.77,10.79,12.02,6.79,6.9,-11.75,12.62,15.07,12.54,10.79,9.52,6.88,7.52,4.81,11.26,12.21,7.47,1.7,1.22,10.92,12.43,8.65,-6.54,5.63,-0.18,7.81,3.36,1.74,-1.67,-4.25,-1.03,2.87,1.02,9.24,10.8,12.56,13.17,10.75,1.72,-1.07,4.71,1.89,6.11,6.56,1.29,7.14,6.25,8.52,4.76,-1.5,3.09,6.68,-0.06,5.65,3.85,-0.78,0.27,10.77,12.12,31.35,38.39,33.54,5.09,10.95,9.17,4.8,4.32,10.96,8.73,10.53,8.92,10.27,11.23,9.35,1.22,0.35,1.72,2.0,5.74,-8.93,7.58,11.1,10.81,8.38,1.78,-2.61,4.78,5.89,0.5,4.64,10.68,4.5,8.01,10.69,3.21,5.29,2.68,6.43,10.38,11.98,6.51,5.36,7.04,9.46,8.44,2.46,4.81,12.03,11.83,8.29,5.17,2.13,-0.33,7.99,5.54,1.88,2.76,-0.73,3.57,-3.93,-6.85,4.62,10.41,9.78,5.42,8.91,-4.17,-0.5,5.6,1.61,1.21,-2.51,-1.91,1.4,2.81,-1.66,1.45,2.25,3.03,0.32,-2.98,-1.83,-8.17,10.05,12.28,9.45,8.5,2.81,-0.36,2.2,8.26,2.1,1.8,0.78,4.51,6.77,8.64,9.43,8.39,-8.6,3.15,1.09,1.86,-5.78,-2.06,7.17,8.79,3.54,7.17,-4.27,4.79,-5.03,-7.89,-4.51,0.74,2.64,5.36,5.28,-8.23,-5.11,1.32,-1.27,2.05,4.39,8.64,2.19,2.72,-1.62,4.02,-5.82,-4.38,-6.46,0.99,3.26,-1.28,2.3,0.55,4.37,7.07,1.71,-10.44,1.62,6.96,4.23,0.32,2.03,-1.59,2.87,0.6,-6.95,-4.91,-6.46,3.36,-2.24,1.97,1.31,7.8,3.5,1.12,-2.3,0.25,-6.17,-9.55,4.03,4.09,1.3,-0.63,-6.0,-9.3,-6.68,3.18,-6.06,5.46,1.75,6.97,5.3,-3.91,-7.8,-0.19,-1.01,0.99,-10.69,6.1,7.11,6.28,4.35,2.03,-1.76,-0.78,-0.57,5.53,-0.48,-3.14,-0.13,5.57,6.45,9.22,6.97,-11.22,-5.03,-6.27,-3.03,-0.36,-1.18,-2.08,-5.17,-0.82,-2.25,-5.67,-6.33,-2.62,-2.4,1.67,-4.62,-8.14,4.74,1.26,5.49,6.11,0.26,-11.23,-8.47,-1.02,-5.31,-1.95,-2.87,0.71,3.12,-5.17,-2.9,0.11,3.14,6.64,6.79,-0.43,-2.98,2.99,3.94,1.54,-0.34,0.81,6.22,4.57,0.54,-3.29,-0.74,-2.93,4.52,1.81,-1.89,4.33,-1.76,-6.05,-0.69,-1.83,-9.25,-5.06,1.52,3.88,4.11,0.55,-16.26,-1.48,-5.24,-5.65,-7.06,-6.35,1.76,3.57,2.55,1.1,2.66,0.77,2.91,-3.7,-3.46,0.9,2.56,-3.25,24.95,29.8,22.76,3.32,1.99,-8.71,-9.73,-5.31,-3.5,-9.45,-2.65,-6.36,-10.9,-4.94,-1.17,-3.54,-2.77,-8.59,-3.56,-4.0,-8.44,-5.63,-11.46,-8.93,0.06,2.42,1.72,-0.15,-1.8,-10.03,-8.42,-12.3,-15.82,-13.28,-10.02,-8.46,-4.09,-12.2,-6.49,-18.71,-3.78,-0.06,-1.66,-11.4,-11.11,-5.59,-0.89,-1.96,-8.43,-6.04,-6.69,-4.24,-3.1,-1.51,0.88,-1.62,-26.77,-7.69,-8.05,-2.88,-4.25,-7.4,-18.55,-10.32,-7.72,-12.51,-11.53,-5.0,-6.73,-13.31,-8.11,-5.4,-10.32,-11.31,-13.4,-16.56,-14.62,-9.38,-11.11,-22.78,-8.76,-5.62,-5.77,-11.48,-5.35,-3.34,-5.33,-8.3,-33.08,-24.23,-20.95,-7.77,-16.92,-4.37,-5.33,-11.62,-3.13,-11.82,-11.66,-21.6,-5.6,-3.78,-9.6,-11.82,-23.33,-3.52,-9.68,-7.31,-1.02,3.19,1.13,-0.69,0.13,-7.37,-20.17,-17.82,-24.21
17.41,35.01,35.58,35.39,33.17,15.68,28.03,27.02,25.28,23.1,23.77,23.1,25.54,22.27,12.08,8.87,14.85,18.18,10.35,18.63,15.76,7.23,15.49,15.48,5.9,3.9,-1.75,6.97,10.94,12.34,14.03,15.09,-22.82,12.5,2.09,14.8,9.57,12.79,8.97,14.69,14.67,10.36,1.35,6.4,-3.0,7.28,11.15,11.69,6.92,0.7,-0.4,-0.75,6.32,13.98,11.57,5.6,5.35,7.46,10.77,2.11,11.57,10.34,8.54,7.84,11.99,14.26,9.75,4.39,2.98,2.97,2.55,-4.76,2.9,-3.81,2.97,2.33,1.77,10.8,14.65,10.25,-0.14,6.31,11.16,7.55,5.48,7.94,9.34,11.68,7.17,-2.39,-11.13,7.21,3.05,9.56,8.77,1.63,7.12,11.78,12.57,5.18,1.24,0.85,3.34,5.23,7.17,8.92,-0.68,6.98,8.45,11.48,12.99,11.48,9.72,8.14,9.13,31.35,38.72,33.86,13.07,11.66,13.6,7.45,8.98,-2.0,11.03,10.14,6.89,-5.55,9.21,10.69,9.7,10.2,12.48,7.49,-7.33,2.07,5.94,6.93,6.54,-1.96,8.41,6.87,-0.38,-7.21,1.51,-5.71,3.44,2.61,-0.82,8.08,13.18,5.79,5.41,6.28,8.59,7.31,5.52,5.23,7.77,7.16,7.68,7.33,7.23,7.21,3.29,6.46,7.23,1.84,-0.39,2.56,0.67,5.07,-4.14,-1.48,-10.04,3.83,9.46,9.04,4.71,5.72,2.61,6.42,14.67,16.5,12.61,-2.39,9.07,5.38,-8.34,3.89,5.5,2.4,-4.86,2.99,-2.8,4.51,7.77,3.68,1.42,-3.57,-10.22,-5.12,7.19,5.87,5.18,9.96,8.5,9.87,6.46,11.26,9.61,8.41,5.66,3.54,8.22,2.71,0.31,1.35,-2.3,1.73,-4.05,4.7,-1.02,-1.37,0.8,-6.43,-7.87,-12.93,-3.31,8.04,9.1,9.66,8.22,-2.99,10.36,13.03,10.45,8.07,-1.4,3.01,1.05,-24.05,0.79,7.06,-0.27,-2.9,7.06,3.66,-6.27,-3.58,5.24,8.04,3.08,1.5,1.27,-6.92,2.08,-6.85,1.13,1.37,2.83,7.77,4.94,-3.89,-6.73,3.14,6.54,-3.53,-0.92,6.36,0.1,-24.56,0.14,2.14,-2.41,7.04,9.37,11.91,9.2,-4.27,6.93,8.32,7.7,6.6,-4.69,-14.38,-9.45,-8.16,-0.92,-3.12,-2.91,2.82,-5.91,-0.28,-4.28,-0.78,-1.81,0.44,5.96,1.25,3.26,5.98,7.11,8.72,3.87,7.22,5.8,7.18,2.41,2.97,4.29,-8.04,-13.24,-6.71,-1.75,0.45,4.49,1.22,-6.2,-0.48,-8.23,-1.17,1.87,0.25,-12.24,1.55,5.22,-6.29,8.61,12.47,10.61,2.32,-1.62,1.45,0.39,4.62,5.04,-0.67,-14.45,-6.11,-8.94,0.32,-4.14,-2.32,-5.27,-3.18,2.15,1.36,-1.9,1.94,1.93,1.95,2.25,1.66,2.2,-0.39,-0.18,1.53,2.77,0.39,-0.53,-0.32,7.08,1.97,-7.1,-3.7,-2.91,-12.08,-5.03,-13.61,-7.02,0.11,1.66,-8.87,-0.39,-0.07,-1.12,-5.05,-14.48,0.15,5.13,2.79,2.19,3.1,1.57,-12.98,-0.94,2.23,3.09,-10.36,0.89,-0.78,5.31,3.33,4.62,25.27,30.13,22.76,0.41,-0.74,0.79,2.45,3.9,2.3,-0.78,-2.41,-9.9,-0.65,-2.41,-4.46,-6.42,-9.14,-8.65,-5.0,2.39,1.54,-3.22,-8.8,-1.83,-1.05,-7.81,-3.6,-21.79,-13.47,-4.04,0.4,-2.0,-3.52,-6.08,-4.2,-0.63,-5.52,-12.18,-1.97,2.4,-1.51,-10.69,-10.28,-9.78,-16.49,-10.12,-17.72,-10.66,-10.41,-10.5,-9.25,-4.07,0.36,-1.99,-6.31,-5.8,-4.16,-2.99,-12.84,-4.12,-7.52,-9.92,-9.75,-4.05,-1.69,-9.39,-16.72,-16.9,-15.5,-9.76,-5.08,-5.77,-9.8,-20.9,-11.07,-16.66,-7.64,-3.56,-3.65,-9.62,-6.13,-9.49,-4.58,-16.6,-7.39,-36.06,-5.38,-6.58,-8.64,-10.33,-14.5,-24.37,-18.05,-17.12,-7.67,-7.79,-16.65,-8.67,-6.01,-14.38,-7.63,-10.8,-18.31,-15.84,-5.91,-3.22,-6.02,-6.73,-7.81,-7.43,-6.23,-6.65,-19.82,-5.92,-5.05,-9.21,-13.38
3.42,26.27,27.26,24.07,30.87,30.14,28.95,28.82,32.57,29.47,13.51,23.66,31.41,27.62,19.65,23.39,24.16,17.82,10.54,20.55,15.11,16.73,18.83,12.42,16.37,17.85,6.18,11.53,6.78,13.83,17.02,13.99,4.55,8.08,-17.02,6.69,8.38,11.63,14.94,12.0,0.26,-4.56,4.54,4.11,-2.48,0.94,2.65,4.15,5.88,1.09,6.75,-2.48,-2.18,9.5,11.17,6.86,2.75,-1.6,-2.21,0.72,5.99,11.25,12.84,9.79,5.93,5.58,-1.49,1.38,0.91,3.4,-7.79,6.06,3.28,8.4,9.59,4.98,2.39,4.38,4.35,-0.18,2.47,-10.39,9.81,10.44,10.47,10.11,5.69,6.01,14.29,13.7,9.16,2.41,1.97,11.17,12.83,2.81,3.12,-2.77,1.4,-4.7,-10.35,8.36,7.93,-5.24,3.27,10.69,9.13,10.06,10.68,6.56,-13.37,3.95,2.2,6.84,6.03,32.3,39.42,34.42,5.26,1.94,4.62,10.67,6.45,9.01,3.07,5.44,4.91,13.65,7.34,12.89,11.2,-2.5,5.51,-8.4,1.01,-3.41,3.94,6.76,9.18,3.57,-1.54,0.69,7.59,12.23,10.52,7.1,8.5,8.2,-0.66,3.27,0.31,4.11,1.93,0.15,11.8,15.52,13.32,8.51,3.36,2.36,7.35,6.74,-10.29,3.26,6.28,8.47,6.73,3.58,0.99,5.5,5.37,-1.65,4.23,6.6,6.64,-8.48,3.0,2.5,4.23,12.62,12.94,6.62,-6.08,-6.12,0.79,4.85,-4.02,0.55,5.46,4.53,-19.21,0.7,-2.08,4.96,0.53,5.46,5.94,-0.29,5.01,0.49,2.2,3.41,5.3,-1.09,-0.62,3.41,0.14,-9.26,1.19,7.85,7.03,5.96,6.66,2.48,-0.04,-8.33,2.92,-1.14,9.27,14.27,12.92,4.58,-10.23,-5.07,9.23,9.57,-5.47,-3.3,-1.64,-3.72,2.04,-0.81,-8.08,-1.55,-3.28,-2.22,1.28,1.65,-17.91,-1.84,4.79,3.14,1.68,-3.04,2.09,7.72,7.51,0.34,-10.77,1.12,8.7,8.87,-11.14,3.58,1.3,-5.06,-3.35,-5.12,1.18,3.41,-11.15,8.58,8.41,0.76,-11.16,-0.18,6.95,7.16,1.44,-3.66,0.91,2.34,3.93,-2.68,-18.94,0.6,0.25,-3.38,-4.43,-2.78,-9.28,-2.19,0.65,-5.14,-3.16,-4.81,-7.2,7.88,7.54,-6.88,-11.84,2.66,10.97,12.29,7.26,-3.32,0.8,-10.59,-2.32,0.14,4.29,3.54,4.53,5.32,-1.36,-11.95,-2.59,0.64,-3.4,-4.0,2.35,0.45,-0.87,-2.59,1.85,-3.48,2.66,2.15,-2.86,1.5,-5.49,-2.86,-23.38,0.84,1.74,-3.21,-7.98,0.94,-3.15,-10.1,-10.25,2.43,8.72,8.37,-0.06,-1.88,-1.44,-12.98,2.05,2.0,-0.46,-6.36,0.53,0.64,-3.91,-1.43,1.66,3.34,1.11,-1.99,-15.4,1.33,1.94,-3.13,-2.24,2.86,7.6,9.76,6.0,-5.69,-4.07,-1.9,-5.79,-2.91,-6.88,1.87,2.15,0.66,4.0,5.66,1.0,-6.03,-8.32,-3.34,2.27,-0.23,-3.1,-10.69,-6.13,-15.75,-1.89,-9.73,3.65,5.33,-0.4,5.93,-2.83,-2.46,-4.91,0.98,-1.68,2.46,-3.54,-6.45,-3.24,25.83,30.83,23.71,-2.74,-1.96,-6.77,-5.04,-21.96,-2.66,1.4,0.72,-0.34,1.17,-6.3,-14.71,-1.92,-1.49,-20.19,-14.71,-8.83,-12.93,-7.26,-7.76,2.26,0.56,-8.73,-8.47,-1.83,2.62,3.15,-5.14,-5.73,-1.38,-1.11,-1.25,-1.96,-21.76,-9.51,-12.44,-7.89,-7.99,-10.08,-7.67,-3.16,-4.41,-9.74,-7.0,-21.02,-9.97,-12.51,-12.31,-15.14,-8.37,-8.11,-4.43,-1.46,-3.18,-8.54,-13.98,-17.08,-16.68,-12.51,-8.57,-4.39,-6.13,-17.85,-18.76,-9.5,-15.28,-10.67,-12.62,-14.34,-15.99,-19.98,-13.46,-13.2,-22.14,-18.17,-6.51,-3.67,-7.14,-10.74,-12.65,-38.58,-11.77,-15.73,-6.49,-3.71,-6.97,-14.81,-10.02,-16.19,-4.56,-6.08,-10.95,-4.56,-6.95,-9.35,-4.18,-13.47,-8.17,-2.11,-3.16,-7.67,-0.9,2.85,-5.04,-17.62,-2.28,0.44,-4.09,-5.89,-6.27,-7.01,-14.39,-17.91,-21.28
9.94,29.57,27.21,29.54,32.45,35.9,38.38,36.9,32.95,26.11,24.3,25.7,26.18,21.04,13.28,4.85,19.13,16.72,18.94,23.63,15.3,9.71,13.59,14.11,12.98,16.02,17.61,17.25,10.19,8.61,8.94,2.02,6.32,16.52,17.88,8.7,10.4,14.47,6.11,11.21,13.41,3.4,4.92,6.35,7.03,10.58,7.09,6.63,8.27,10.89,13.3,8.89,-0.32,2.47,0.3,4.63,5.34,8.85,5.55,13.2,14.04,12.15,8.02,2.15,2.78,-1.19,6.52,11.89,3.67,5.78,10.02,9.0,2.29,8.77,11.41,9.06,6.09,6.0,-3.17,-0.09,4.39,6.3,8.42,11.52,11.08,10.61,3.98,-2.56,4.07,9.28,9.74,9.83,7.13,3.28,6.99,12.37,14.79,10.13,10.95,6.54,10.72,10.88,1.19,2.99,8.54,11.42,7.34,7.31,9.87,10.62,3.23,-0.97,2.38,-20.85,-0.35,31.52,38.44,32.92,12.6,9.42,2.95,9.44,10.62,7.68,8.29,7.95,4.97,10.73,8.99,7.05,5.48,-0.71,4.76,6.29,15.11,13.22,10.5,4.39,-0.95,6.14,10.29,10.6,4.26,2.57,6.73,4.14,-5.68,-0.3,-18.92,-0.69,4.88,6.84,2.62,5.48,-3.36,-1.22,-3.5,3.78,0.76,4.97,6.5,-5.99,1.52,-7.54,2.04,1.5,0.61,3.76,4.65,-5.74,6.66,3.9,1.88,4.82,2.06,-2.44,3.86,1.46,-7.01,-4.47,-8.96,-4.74,4.27,-5.61,8.28,6.43,-5.2,3.92,6.13,0.15,1.07,5.32,5.48,9.76,7.51,0.84,3.88,-2.85,3.08,4.38,3.36,5.43,7.1,8.64,6.09,2.91,10.38,9.44,3.32,2.75,4.52,-5.4,5.05,1.73,1.55,4.32,6.13,4.82,4.51,7.44,6.16,6.38,7.79,4.82,-3.53,-6.72,4.58,6.31,7.39,4.87,-1.55,3.4,-2.45,10.26,10.55,5.37,5.85,-0.4,5.81,6.1,4.87,5.49,3.03,-3.15,-3.09,-11.06,-1.86,5.53,4.39,-3.03,-2.86,-0.06,6.0,7.64,4.98,-3.93,-14.8,-4.03,4.86,7.48,5.8,-0.31,-3.16,-3.42,3.94,5.06,-2.35,-11.72,-3.74,-3.85,2.27,4.69,4.02,5.17,4.87,-1.52,4.8,4.22,9.36,9.05,-3.7,2.07,-2.93,3.4,5.9,4.76,2.98,-8.39,-5.23,3.03,5.96,4.51,4.22,5.45,2.49,2.7,3.99,2.11,-0.69,-0.64,2.69,-7.95,2.03,0.24,0.69,6.77,7.68,0.19,3.23,5.77,4.17,2.46,0.32,1.27,-0.07,-6.07,0.6,-2.48,4.1,6.32,2.01,1.77,-2.53,-3.57,2.39,0.15,-9.03,2.49,4.33,-9.62,0.19,-8.8,-13.16,-8.76,-11.3,-2.99,-0.55,-6.93,-2.54,0.2,-2.8,-0.88,1.86,-10.45,-0.32,-1.2,-4.47,-3.62,-3.14,-12.79,-3.79,-11.36,1.03,-0.49,-4.88,-1.82,-9.25,-6.94,-9.23,-0.45,-3.3,0.79,-1.17,-6.84,-24.83,-6.62,-11.95,-2.35,0.25,-3.99,-2.43,3.88,3.53,-0.71,-7.78,-2.67,3.43,6.05,7.92,-0.93,-2.57,-8.13,-2.06,-0.53,1.33,2.99,-2.75,0.03,0.36,-0.37,2.48,1.31,-5.39,1.0,4.19,24.32,29.85,22.93,-9.02,-28.33,-6.51,-10.08,-5.91,1.43,0.61,-2.0,-2.15,1.89,-1.05,-6.66,-8.7,0.95,0.77,-3.56,0.76,-0.14,4.41,1.96,-3.56,-7.33,-3.65,-1.03,-1.2,-1.78,-7.02,-13.68,-7.5,-0.87,-0.5,-0.18,-3.34,-5.61,-7.62,-12.16,-15.52,-6.4,-6.38,-3.59,-1.32,-4.04,-10.69,-4.14,-3.19,-7.52,-10.0,-1.74,-7.11,-15.08,-11.25,-12.05,-6.35,-2.33,-0.59,-1.5,-9.35,-6.2,-9.92,-10.58,-15.41,-13.12,-16.28,-7.25,-2.94,-5.42,-8.37,-9.95,-10.0,-6.52,-10.27,-11.26,-12.71,-14.88,-4.82,-7.06,-12.83,-4.41,-8.53,-10.88,-1.81,-3.2,-13.83,-17.98,-11.94,-12.17,-11.36,-4.46,-4.27,-6.2,-9.6,-9.0,-9.71,-13.98,-9.55,-1.09,-5.81,-9.21,-6.97,-20.24,-13.89,-7.5,-2.51,-3.71,-5.73,-5.43,0.29,3.43,3.55,0.23,-5.45,-9.11,-18.83,-20.28
20.7,31.68,21.17,28.81,32.25,31.2,25.63,29.57,27.12,11.8,25.75,29.36,28.93,17.81,7.09,21.05,16.0,8.95,17.98,18.48,21.07,18.21,19.4,16.88,9.33,11.81,13.47,6.67,10.67,7.77,10.87,13.7,16.17,18.59,16.61,16.02,18.52,16.76,11.38,8.44,7.19,-2.82,10.0,11.46,10.87,6.12,1.8,1.97,-2.14,-9.06,7.7,6.76,5.24,4.89,0.7,8.95,14.75,14.35,6.25,8.24,13.83,7.83,5.7,5.62,11.53,10.31,2.36,3.43,8.6,3.49,10.39,11.45,4.57,0.25,0.45,-4.38,2.73,2.82,6.27,7.78,-3.34,4.99,9.16,4.11,4.2,5.18,-17.46,5.56,-1.89,9.08,10.78,6.7,2.66,8.0,8.69,7.54,5.71,8.65,10.35,7.03,4.44,2.45,0.06,3.85,11.1,11.27,7.06,7.01,11.05,12.09,7.21,5.87,7.11,2.85,4.47,31.81,39.01,34.24,3.11,11.23,13.06,9.37,-0.07,1.18,-4.33,8.93,8.86,10.57,7.45,-4.29,2.1,-3.6,3.21,8.11,8.58,8.84,10.76,10.94,8.21,5.79,-7.06,2.82,3.93,0.81,11.28,15.02,12.22,7.63,4.7,0.27,7.48,13.9,12.09,-9.77,2.96,11.25,7.05,1.7,-1.18,2.46,11.07,11.5,3.52,-11.93,-1.48,5.41,1.37,-1.81,3.17,5.25,-0.75,7.52,9.64,11.83,9.78,6.81,8.35,2.57,-8.73,2.05,7.83,7.76,5.6,10.02,7.35,-15.91,7.14,9.57,12.53,8.5,4.8,5.75,0.6,-10.18,-0.72,-10.87,-1.55,-3.52,-5.78,4.3,9.25,4.44,1.88,9.08,9.9,7.74,2.34,7.72,11.57,7.37,-5.62,-14.09,-3.77,-14.2,2.4,2.34,6.24,8.58,2.82,-5.46,-0.53,1.83,-1.07,-0.47,-10.04,5.44,6.31,4.59,-2.47,3.1,9.49,7.84,-7.58,9.04,9.52,0.12,9.08,8.97,4.75,6.78,2.59,1.87,6.01,4.26,7.44,9.69,9.12,-0.58,-6.19,0.44,-7.68,3.34,6.28,4.65,2.74,-2.64,-23.94,-2.73,2.63,4.49,6.07,3.1,-8.16,0.09,-6.59,-1.15,8.58,9.1,6.81,3.57,5.25,1.13,1.69,5.88,3.78,7.94,8.02,-1.0,8.33,7.82,-8.73,6.48,8.11,1.7,-4.0,3.03,4.71,3.78,-11.53,-2.22,-2.93,-0.04,-2.47,-7.39,0.74,6.48,4.12,0.1,0.18,-16.38,-6.18,-16.73,-8.08,4.79,8.97,5.1,-0.38,4.96,7.08,6.21,-0.98,1.41,6.21,1.25,-8.97,-6.75,-4.82,-14.08,-4.14,-13.75,-2.89,2.16,1.21,4.78,8.8,5.78,3.31,-19.77,3.36,5.98,1.57,3.58,3.66,-2.22,-12.89,-1.88,3.91,2.31,5.19,7.2,4.97,2.77,-5.46,0.33,-1.7,-6.86,-3.73,0.3,-6.59,-17.29,-1.85,6.11,5.65,-2.99,-6.8,-3.91,1.31,5.48,-2.77,-15.95,6.09,7.89,1.43,-5.93,-1.54,1.33,5.83,8.58,4.82,-5.82,-2.69,-3.9,-13.86,-1.07,1.28,3.93,3.7,1.71,1.37,0.83,-4.1,-11.09,-5.4,-12.08,-0.24,2.85,1.05,1.06,-12.08,-6.85,-8.18,1.13,4.79,2.89,-5.55,25.66,30.42,23.22,-4.2,-6.09,-1.8,-3.14,-1.92,2.9,1.81,-2.36,-2.39,1.72,1.51,-5.81,-9.82,-7.41,-5.61,-3.05,0.16,-1.57,-4.68,-2.92,-1.87,-2.67,-7.97,-4.19,-0.2,-1.91,-13.22,-5.68,-30.13,-6.3,-7.36,-7.62,-2.66,-6.83,-15.59,-4.38,-5.94,-9.56,-9.74,-16.88,-12.4,-12.47,-8.51,-1.68,-2.78,-9.95,-4.87,-10.11,-11.5,-3.64,-2.46,-8.51,-8.6,-6.74,-0.77,-6.37,-8.79,-0.75,-0.44,-6.31,-14.79,-10.91,-10.58,-9.38,-8.41,-25.49,-18.63,-14.88,-15.09,-11.19,-6.46,-6.11,-7.69,-20.6,-11.0,-9.99,-7.3,-2.18,-0.56,-3.26,-3.1,-1.23,-3.92,-6.75,-9.61,-13.33,-10.59,-15.21,-8.61,-10.29,-13.19,-6.32,-3.98,-5.67,-3.13,-6.1,-7.22,-15.66,-10.83,-5.56,-18.58,-11.29,0.04,0.11,-4.41,-16.55,-5.6,-3.69,-8.94,-5.43,-5.83,-10.85,-33.86,-18.32
28.38,30.0,11.47,16.98,30.25,36.3,35.1,33.48,32.73,21.42,18.21,15.31,29.89,26.67,7.48,17.63,20.5,18.45,18.26,14.32,9.06,8.04,10.31,13.13,20.33,22.56,16.43,-4.39,6.58,16.0,15.91,10.01,12.79,8.45,10.49,5.13,16.15,14.06,9.12,12.21,15.51,8.73,2.57,7.45,0.34,-0.22,-11.59,2.91,7.62,8.22,5.15,-8.31,-0.65,5.64,4.64,0.07,8.7,10.44,4.79,7.9,-0.88,3.14,11.24,11.11,1.64,6.96,7.26,0.5,2.97,6.97,7.87,2.59,0.23,9.52,9.69,2.69,-0.66,-5.07,0.46,2.46,1.64,9.14,11.08,7.68,4.42,10.5,6.57,9.64,1.23,6.56,9.3,11.66,8.79,-14.48,2.76,13.39,15.89,11.61,9.31,2.79,6.87,0.67,5.74,9.66,5.26,0.45,7.0,3.72,-6.68,7.71,9.96,2.95,2.57,8.97,2.16,31.14,38.53,33.59,8.72,11.19,11.55,8.27,10.05,10.64,11.28,9.1,1.34,8.04,6.6,8.31,11.14,9.73,1.34,4.46,4.12,9.93,6.6,-3.81,2.83,-0.39,5.76,13.21,7.65,5.27,6.21,1.34,4.27,5.18,6.93,3.89,-8.18,-7.64,6.54,5.57,0.1,9.85,5.72,-2.33,6.59,4.85,-5.57,7.64,3.01,-2.94,-0.09,5.15,13.25,12.98,5.76,5.85,4.72,4.16,1.24,0.02,-1.68,1.3,1.14,0.18,-19.3,-10.96,7.53,12.87,8.95,1.54,4.41,0.81,4.54,10.24,8.44,3.47,4.52,7.7,4.7,-6.05,3.37,4.21,-2.2,-2.71,8.38,6.71,-1.2,4.39,0.51,6.74,4.6,-0.15,6.73,9.56,-1.67,7.22,6.39,2.31,9.2,5.07,0.06,-0.18,5.62,9.0,5.43,-0.26,7.4,11.95,8.7,-6.76,0.42,5.05,5.38,-5.57,-7.63,-1.09,5.05,7.14,1.74,5.94,9.99,12.56,7.77,4.26,2.04,2.72,7.43,6.63,7.83,8.78,4.45,3.51,2.83,6.53,3.35,5.01,3.2,-10.86,0.48,2.79,-3.02,0.66,3.99,0.64,-3.15,2.62,0.29,-11.28,2.86,4.64,2.92,6.03,2.34,2.9,3.79,8.09,7.08,5.83,6.58,1.85,1.0,3.29,6.65,11.44,8.82,4.73,0.43,5.79,3.68,-2.5,-9.12,-7.21,3.76,3.4,-1.28,-8.55,6.84,10.08,5.49,-2.22,3.36,6.91,3.49,-2.4,-2.17,2.7,6.84,-0.09,3.88,4.7,-4.29,6.89,4.07,-2.92,1.74,3.88,-2.4,1.39,-4.18,3.57,5.25,-5.87,-5.49,0.87,-0.0,-9.46,1.17,4.14,0.93,-0.23,4.69,6.45,0.75,-3.16,0.46,-2.5,4.83,8.72,3.38,-15.29,-23.63,-4.22,-3.31,-3.19,-6.28,-4.58,-3.49,-0.58,-0.1,0.97,0.8,7.96,8.2,0.08,-5.28,-8.15,-2.38,2.28,-10.92,-0.67,1.02,-7.84,-0.03,4.1,-5.66,-0.35,0.6,-13.49,-14.5,-2.29,0.7,-1.1,-2.1,-5.06,-0.34,-1.25,0.94,6.51,-0.93,-7.26,-4.1,-10.72,-0.53,2.81,-3.06,-2.84,-5.98,2.26,3.66,0.74,-1.05,0.31,-6.43,1.18,3.33,2.61,1.93,0.09,3.24,2.86,0.28,25.0,29.95,22.55,-6.55,0.15,-6.28,-6.15,0.85,-1.44,-15.77,-5.7,-2.44,-8.98,-4.44,-0.04,-4.02,-9.39,-3.08,-7.45,-0.84,1.28,5.54,2.96,-7.65,-25.56,-2.03,0.83,-1.66,-4.45,-10.1,-1.62,-4.8,-0.98,-7.05,-4.07,-0.72,-2.75,-10.28,-9.73,-11.72,-17.53,-13.18,-9.99,-3.06,-3.3,-12.6,-10.59,-5.37,-6.36,-10.55,-13.05,-6.52,-6.91,-12.41,-3.11,-3.03,-11.18,-15.69,-6.86,-10.08,-4.66,-6.42,-15.24,-11.01,-9.99,-16.47,-24.5,-11.11,-8.19,-8.93,-13.75,-28.85,-17.37,-17.2,-10.11,-15.06,-9.39,-2.7,-6.05,-9.56,-4.9,-2.92,-13.72,-9.18,-11.3,-7.46,-10.27,-4.88,-4.89,-14.48,-26.46,-5.75,0.2,-2.11,-9.82,-12.88,-15.8,-15.13,-10.59,-6.93,-7.17,-5.81,-8.72,-21.03,-1.8,1.36,-11.8,-11.47,-11.17,0.12,0.39,-0.03,0.26,-6.55,-20.7,-43.66,-29.91
20.78,32.65,35.43,34.48,28.96,41.37,38.97,30.7,29.98,24.86,16.08,22.77,27.9,15.91,17.17,10.99,18.69,21.09,24.23,17.43,12.26,13.61,16.07,16.25,10.63,13.74,6.54,6.32,9.8,0.77,12.06,11.22,13.34,12.83,12.95,8.73,12.7,9.53,13.57,5.78,7.71,12.05,11.13,2.75,8.33,3.87,4.69,6.11,-0.32,-2.74,8.37,12.19,11.16,-1.67,8.9,9.68,7.94,4.83,-5.22,-2.27,7.5,8.18,2.17,5.36,6.23,7.56,9.54,8.9,8.59,-0.35,3.98,7.0,10.17,0.92,7.82,7.35,7.45,10.98,6.41,3.14,6.18,10.23,9.3,5.71,6.75,11.5,9.88,2.94,10.99,6.92,10.07,1.48,8.82,6.74,5.71,1.9,4.42,9.03,9.21,5.51,-14.85,8.78,10.65,7.22,7.24,10.3,13.67,9.07,2.57,5.08,1.38,6.23,7.37,12.09,8.0,30.93,38.14,33.55,11.94,9.93,10.57,8.61,4.34,-3.6,-15.85,-10.2,6.37,2.45,5.12,7.55,2.55,6.11,2.06,-0.15,0.17,1.21,3.65,-2.02,8.84,4.01,7.37,6.37,-0.95,4.47,7.13,6.93,5.42,6.59,12.3,11.92,4.23,7.55,7.0,6.7,0.37,5.82,6.25,0.72,6.64,-6.46,-0.33,-2.93,2.98,9.78,10.46,10.56,2.33,-6.26,-4.2,-1.5,10.93,11.0,9.45,2.92,6.51,0.98,7.01,11.18,10.94,5.05,-9.26,-11.18,10.28,11.09,5.33,3.08,7.61,10.58,10.72,9.56,5.91,-5.11,-1.46,3.26,-4.04,8.72,7.69,-3.08,7.31,8.86,8.19,6.84,-2.96,7.38,8.48,1.66,-4.15,4.4,7.76,9.8,10.04,3.79,-0.45,-1.09,-8.51,-5.86,1.63,8.29,9.17,7.15,-4.86,1.9,8.2,9.79,8.76,6.12,6.31,6.2,3.36,3.96,-1.16,1.05,-16.58,3.16,-1.21,3.97,-0.32,5.72,6.08,-1.39,5.03,4.86,0.48,0.82,7.22,4.79,1.55,-1.26,2.89,0.28,-4.74,-2.36,6.39,5.33,-3.11,-5.22,-7.49,-5.28,-3.24,5.15,6.18,-2.58,-5.05,-0.11,2.47,-1.72,1.0,4.19,6.58,0.18,-0.29,4.05,4.19,-2.32,5.11,4.73,-1.48,2.89,-2.44,1.95,-18.22,-0.28,-2.58,2.51,1.86,4.65,4.7,4.45,7.03,8.03,6.37,0.07,-6.88,5.14,7.13,6.2,-0.47,-8.09,-10.88,-3.43,-2.78,1.31,7.55,7.27,5.17,1.77,-6.82,-1.17,5.65,4.52,-5.97,3.85,5.14,5.76,4.16,-6.23,4.39,5.4,-7.38,-0.19,-4.91,-8.77,2.28,5.87,6.99,6.79,3.78,-0.82,1.34,7.04,6.22,-14.97,-13.29,0.75,6.6,6.8,2.59,-3.55,1.93,-1.72,4.75,6.24,6.14,-6.26,-9.12,-11.2,-2.8,5.42,5.28,4.53,-2.28,-8.31,-5.8,-11.97,1.05,-4.81,0.5,0.1,-5.55,0.81,1.02,1.54,-1.9,5.74,6.09,0.31,-0.95,0.49,0.64,-2.09,-7.53,-0.38,0.62,-2.92,1.94,-8.93,-3.46,-5.85,-7.06,-7.46,-5.29,-1.34,-4.92,-0.06,-2.49,-5.33,-1.42,-17.79,-23.92,-11.59,-3.84,0.42,2.29,1.59,3.47,24.97,29.55,22.34,-0.88,3.3,-1.58,-2.75,-7.7,-4.14,-6.63,-0.35,4.23,0.81,-2.36,-2.51,0.84,-1.07,-25.16,-4.57,-0.99,-1.2,-5.91,-8.59,-4.86,-3.91,-1.96,-9.14,-0.94,-4.08,-0.17,-8.18,-1.53,0.05,-4.78,-6.04,-2.5,-1.69,-5.78,-9.01,-5.91,-1.4,-4.96,-5.25,-4.93,-11.79,-2.87,-5.95,-9.35,-13.55,-4.94,-4.7,-4.2,-6.31,-7.8,-8.78,-12.18,-6.3,-7.06,-16.83,-20.43,-10.27,-7.31,-5.69,-6.6,-17.79,-4.73,-3.84,-7.73,-19.09,-17.04,-10.66,-12.23,-13.32,-9.07,-14.61,-6.68,-5.87,-10.38,-13.04,-5.02,-9.36,-6.39,-10.77,-6.56,-7.13,-6.69,-9.25,-8.61,-19.74,-11.57,-15.04,-15.71,-8.63,-11.9,-6.86,-7.21,-10.21,-11.88,-7.66,-0.98,-4.33,-7.34,-15.3,-10.72,-14.06,-0.84,-5.94,-13.76,-7.19,-2.23,-3.02,3.58,5.32,-4.92,-6.45,-9.06,-14.04
15.83,25.66,24.49,23.16,36.1,38.81,33.62,24.23,29.97,23.64,19.61,16.65,14.36,12.63,20.45,20.16,16.89,18.89,20.92,20.36,16.49,14.14,18.95,21.29,21.75,19.07,12.52,3.33,9.41,12.03,15.06,15.45,12.02,14.76,11.57,7.99,16.9,17.57,7.68,11.91,4.22,8.94,11.78,11.49,3.87,8.18,9.92,8.86,6.62,9.79,11.76,7.39,0.34,3.88,-17.48,8.15,9.87,9.54,1.04,8.4,13.4,11.18,-2.08,4.69,7.11,-0.88,-1.86,4.02,6.51,-12.87,-2.25,-0.13,4.24,7.08,-8.78,6.86,-7.51,4.87,2.32,5.85,3.44,1.89,8.94,10.2,10.15,14.32,13.21,14.74,9.9,3.56,5.37,-8.21,5.88,3.65,4.38,11.32,9.67,4.14,-7.41,-0.35,1.85,6.46,-1.08,4.9,8.01,11.61,13.3,11.58,10.37,10.32,8.05,0.7,-1.22,2.32,6.72,31.96,38.92,33.98,5.64,0.38,4.85,0.2,4.51,4.52,-1.98,11.61,14.66,8.76,0.03,7.11,10.36,5.56,-3.11,4.05,-0.14,1.27,2.7,8.06,10.1,4.45,0.58,6.3,11.22,7.94,-2.72,5.76,10.12,8.43,2.38,9.09,10.63,4.43,3.28,2.1,8.63,11.89,6.65,-2.53,0.2,3.68,0.41,-5.65,-9.46,-3.54,3.59,2.73,-1.35,2.3,5.32,1.25,6.66,-2.15,-1.06,4.44,7.42,-4.18,2.48,3.92,9.46,12.07,8.17,8.67,11.14,9.11,-21.96,10.61,10.42,1.39,7.76,1.4,0.35,7.53,8.12,6.58,3.35,4.29,-8.81,-1.81,5.03,5.54,8.43,10.08,9.75,9.12,-1.28,2.05,3.17,2.37,-2.1,1.86,-2.6,-6.89,-8.85,-0.13,7.23,8.64,-5.12,-0.29,6.05,10.49,8.68,3.01,-0.66,-10.35,4.23,8.02,8.33,13.09,9.05,-5.52,-0.46,-3.21,-3.68,9.09,10.11,6.94,0.16,11.76,8.47,-2.35,2.71,0.15,6.4,4.01,3.96,5.34,1.72,4.09,0.09,0.14,4.32,2.65,-6.15,3.16,-3.49,-7.36,-6.86,-7.37,-3.66,3.0,-6.28,2.35,4.01,-0.21,-0.37,3.62,1.2,4.74,3.34,3.3,5.65,-0.57,1.84,-3.22,7.48,10.75,-0.78,5.8,8.92,7.88,-4.85,-4.54,-1.88,-6.89,7.51,11.55,6.75,6.36,2.55,-12.15,-2.5,1.12,6.72,8.51,4.03,-2.38,-7.4,6.41,4.99,-2.45,-11.12,-9.33,-5.15,-0.67,-4.68,-0.3,0.48,-0.72,-4.15,6.23,6.82,7.09,5.4,2.42,1.9,-5.02,-12.3,0.96,-0.03,3.12,4.61,3.99,-3.25,-2.3,4.01,-2.35,6.55,6.72,-24.66,5.07,7.06,4.54,3.94,7.8,5.16,-0.46,-1.95,-8.82,2.85,-0.15,-5.74,-6.99,1.84,-3.61,0.39,-2.68,-6.4,-2.41,-1.59,-8.7,-14.87,-10.99,-5.08,-1.82,-5.32,-8.19,0.91,6.12,2.84,-3.83,-2.67,-1.63,4.51,2.96,-3.85,2.1,3.77,-0.64,-9.17,1.32,4.59,-0.37,-6.2,-2.45,3.17,1.09,-4.38,-5.82,-7.44,-3.2,-10.44,-1.94,2.86,-0.46,-7.52,0.96,6.85,3.76,-9.87,-3.54,-3.57,-8.09,-3.41,-7.92,-2.92,25.39,30.33,23.37,-1.97,-6.57,-10.08,-8.3,-1.1,1.15,1.11,2.2,3.86,2.11,-1.6,-4.76,-11.03,-3.41,-8.12,-10.4,-17.61,-6.17,-0.72,0.86,-6.07,-7.09,-4.82,-19.45,-5.59,-7.47,-1.34,3.47,1.84,2.87,-1.4,-1.51,-2.81,-9.98,-8.65,-6.27,-9.93,-7.51,-20.16,-5.75,-21.53,-5.77,-8.68,-13.25,-15.43,-26.31,-7.05,-9.49,-15.5,-14.88,-6.99,-9.33,-16.56,-3.34,-1.18,-6.26,-14.04,-5.54,-5.34,-7.17,-31.16,-11.81,-15.47,-8.76,-4.45,-6.57,-9.93,-7.95,-7.01,-8.95,-13.55,-6.1,-5.91,-9.02,-14.07,-6.51,-11.15,-1.37,-2.08,-11.25,-8.23,-5.04,-8.1,-5.04,-5.54,-8.97,-11.7,-18.6,-9.55,-3.34,-0.91,-1.7,-4.37,-9.5,-8.25,-4.19,-4.32,-6.54,-9.19,-6.8,-6.67,-15.19,-14.27,-13.3,-10.42,-8.81,-2.12,-8.58,-2.1,2.4,-1.19,-13.8,-22.45,-21.7
28.95,34.43,26.17,20.31,33.97,36.52,32.55,30.14,29.38,17.18,21.34,18.66,23.94,23.26,22.09,24.49,23.07,16.52,10.5,10.09,9.03,15.87,15.73,7.2,11.52,12.06,13.47,13.71,14.95,10.77,11.56,16.42,13.14,12.01,11.9,12.39,14.68,-2.05,1.39,8.01,0.36,5.69,0.37,4.82,4.85,1.17,-4.11,-3.79,1.03,3.85,0.36,4.37,10.64,5.64,6.56,0.41,4.47,-7.62,8.17,12.69,6.22,5.61,11.7,9.46,9.47,9.03,-4.27,0.71,3.66,-3.69,4.65,8.73,0.89,1.03,-2.9,4.64,10.53,8.35,5.45,-0.13,4.3,-8.08,0.62,-2.29,6.28,9.45,-7.1,10.21,8.71,6.64,12.05,7.99,11.88,14.6,10.58,5.64,2.13,3.44,-0.2,4.86,1.22,7.03,4.04,6.03,4.86,7.76,3.65,-0.53,-10.68,11.08,10.07,0.86,1.12,10.1,8.25,32.94,39.62,34.57,6.39,7.84,2.56,10.74,3.8,11.64,12.61,5.82,0.62,5.7,2.21,8.92,6.17,3.11,4.93,-6.63,-15.88,-5.14,3.51,-4.85,-0.98,-3.1,-0.35,-8.12,2.93,10.61,12.61,10.73,10.27,3.48,2.41,6.49,5.18,3.54,11.73,13.83,5.93,3.32,-7.08,-0.16,3.86,9.72,9.7,6.83,-3.58,-1.14,4.15,6.39,2.58,6.14,6.44,-2.95,7.8,-0.31,7.84,4.57,7.74,5.07,7.51,4.01,9.08,6.15,5.39,5.21,8.35,6.37,3.66,6.18,3.9,1.67,4.11,5.04,3.85,4.62,1.59,-2.64,0.77,6.96,3.38,-2.0,4.61,8.78,4.92,-4.59,4.64,-1.39,8.04,7.47,3.62,2.98,5.09,10.03,9.32,11.91,8.69,6.33,7.06,7.15,5.14,6.52,7.99,4.45,1.83,-0.77,4.31,6.99,1.74,-5.41,1.57,4.97,5.7,-4.57,3.16,-4.64,-0.67,5.35,7.66,9.0,7.53,6.5,5.46,4.74,7.07,9.65,7.61,7.45,2.38,5.91,-0.64,1.73,6.1,5.18,2.58,-1.31,2.07,-2.08,-8.36,-5.55,-3.45,-5.57,-8.53,-2.25,1.84,-1.55,2.25,4.8,5.68,1.27,-1.27,5.34,1.69,6.77,6.85,8.85,6.23,3.83,4.49,5.48,6.45,7.87,6.5,4.12,-1.91,-6.05,1.77,-5.99,4.18,3.43,-0.02,-7.04,-0.02,5.22,2.5,-2.64,-0.12,2.45,5.93,4.44,2.97,4.95,4.79,4.03,6.29,9.48,6.84,7.5,2.52,0.31,0.92,4.68,5.24,-4.33,1.73,-7.57,1.84,5.67,1.48,-5.18,0.06,3.65,-2.59,-6.1,-1.93,1.06,0.24,1.33,0.42,-2.19,0.07,2.26,-0.28,2.32,4.28,1.08,1.16,1.87,4.77,-0.4,3.07,0.57,3.15,-0.04,3.16,-5.12,3.0,-7.77,1.49,1.16,-2.49,1.26,-1.01,-6.39,-9.01,1.44,4.24,4.23,-1.69,-5.77,-12.89,-2.45,0.03,7.93,5.79,-2.48,-0.9,0.33,-3.78,-2.88,3.9,4.29,6.09,4.07,-3.68,-14.81,-7.16,-9.9,-7.91,-11.94,-3.54,-12.18,-23.26,-13.97,-2.46,-4.26,-1.41,1.37,-5.48,-2.02,-7.18,-2.11,4.62,3.64,-4.49,2.58,-5.71,-0.53,-2.09,25.98,31.03,24.34,-0.58,1.3,-7.78,-8.17,0.93,1.93,-19.37,-9.8,-5.88,-1.76,-4.76,-3.66,-5.77,-2.89,-8.68,-5.23,-10.29,-6.89,-8.16,-4.85,-0.03,3.96,1.15,-2.89,1.11,-4.36,-2.5,-1.03,-18.68,-2.01,-5.25,-13.94,-11.26,-19.73,-7.75,-12.15,-6.88,-4.02,-1.96,-7.84,-15.75,-11.75,-12.26,-4.37,-8.49,-17.26,-9.83,-12.86,-18.18,-4.91,-4.5,-4.76,-2.6,-8.73,-8.51,-2.07,-6.6,-22.73,-10.85,-14.87,-8.97,-10.2,-5.2,-11.57,-15.9,-12.56,-15.46,-20.53,-21.07,-16.23,-12.4,-12.84,-17.03,-12.4,-17.57,-10.42,-17.65,-19.92,-4.55,-6.71,-7.95,-7.66,-7.09,-4.0,-8.91,-10.46,-6.32,-7.87,-8.53,-10.07,-11.38,-15.17,-7.91,-7.7,-15.62,-14.16,-15.03,-9.51,-3.17,-2.26,-5.03,-5.17,-4.32,-11.45,-8.51,-15.27,-3.3,-2.89,-2.69,0.0,-3.2,-16.88,-24.94,-17.28
26.98,28.73,22.38,23.65,32.51,31.46,33.98,27.73,24.89,17.46,24.22,19.09,27.34,30.06,23.85,13.71,19.3,16.06,10.55,21.65,15.81,15.08,13.86,1.1,13.24,16.79,16.01,5.16,-2.96,9.25,1.76,7.92,-1.05,16.66,16.08,13.76,18.23,18.03,15.12,3.63,0.26,5.08,-3.8,1.98,6.25,3.26,10.4,10.96,6.91,-9.88,3.62,7.62,6.83,6.11,6.34,-3.8,5.54,-1.35,3.52,5.46,8.69,5.89,8.82,5.6,9.73,12.72,6.5,3.87,11.81,10.02,-7.5,3.25,-4.33,-5.34,3.25,9.5,9.31,0.1,0.45,5.23,8.48,6.9,9.29,8.79,8.19,10.15,9.13,-5.19,7.07,9.33,3.63,6.85,-6.12,9.12,7.56,4.49,10.23,12.74,10.41,3.31,-2.17,6.83,2.6,1.39,3.56,3.15,3.03,-0.98,5.95,1.88,3.02,-10.58,7.2,6.1,6.95,32.23,39.53,34.82,13.12,5.29,3.82,6.44,5.74,-2.33,-1.73,8.18,8.72,-4.57,6.09,7.72,4.83,1.26,5.33,3.17,-6.83,-3.07,-6.22,1.49,7.54,8.24,7.57,5.21,-1.27,10.55,13.63,12.0,8.5,7.76,5.97,1.71,6.85,0.23,-4.74,1.97,4.9,10.46,7.33,4.89,11.08,7.74,2.28,4.14,11.27,9.58,0.21,5.02,-17.23,1.34,-17.75,1.83,4.39,-0.5,1.52,-3.01,6.11,5.85,7.77,10.66,3.49,8.19,9.43,11.96,15.17,11.44,4.14,-14.1,0.17,-3.21,2.61,6.47,9.78,8.08,-7.31,3.24,7.33,8.47,7.56,3.29,5.51,2.0,-7.29,-17.12,-2.49,7.92,8.44,8.16,6.4,3.21,8.21,5.88,3.95,10.05,10.24,9.37,4.94,3.22,10.72,10.57,7.08,7.45,2.65,-2.96,2.78,3.08,6.15,5.41,-8.34,-1.62,3.6,2.76,1.21,3.75,7.05,6.57,1.25,5.92,9.04,-0.88,7.83,9.09,6.56,5.15,7.75,-2.49,5.06,2.16,-11.93,-7.49,-0.95,2.45,5.63,7.41,6.53,-5.35,3.28,-4.55,1.07,-4.68,3.18,-5.55,6.3,7.16,5.31,2.1,-1.36,-7.94,-12.53,1.54,4.43,-3.31,7.01,4.36,5.68,8.17,6.89,-1.97,7.97,4.83,0.06,5.33,5.77,2.43,-0.18,1.3,2.1,-3.15,-9.94,3.71,4.46,1.29,0.98,-4.94,0.71,5.46,5.05,8.45,8.59,1.03,2.64,7.04,7.87,7.62,1.51,3.32,5.62,0.6,3.66,5.41,5.6,5.07,-5.34,-20.09,-10.35,-1.14,2.35,0.04,4.29,5.14,3.96,-0.19,-10.94,4.5,6.16,2.82,-1.12,-6.98,-3.71,-17.66,0.15,7.38,11.08,7.84,5.23,3.93,-0.88,6.28,3.34,1.35,1.54,-7.54,-3.18,-5.26,-0.42,-3.03,-22.92,-3.67,-22.04,-0.12,-4.94,4.3,5.97,-1.19,-3.16,2.21,5.51,-0.68,1.58,4.72,-0.91,-3.93,-10.65,-5.88,0.76,-4.45,-0.26,1.45,2.14,5.55,7.13,4.01,-7.83,-1.51,0.78,1.39,0.62,-5.46,-13.27,-10.27,-13.92,-4.15,-2.01,-6.16,-2.74,0.16,-1.59,-12.22,0.91,0.31,-9.56,-10.36,-2.44,-1.73,-4.39,-3.11,4.65,26.23,30.95,23.65,-1.72,-2.77,-1.7,-19.64,-6.06,-7.34,-3.32,-10.29,-6.4,-6.39,-6.05,-8.3,-7.29,-3.03,-12.11,-6.81,0.2,2.49,-0.11,-5.91,-3.05,-1.51,-16.57,-4.05,-7.27,-1.75,-4.03,-16.66,-2.28,-1.3,-3.37,-2.92,-2.5,-5.02,-3.55,-6.84,-11.82,-12.32,-3.22,-3.06,-9.46,-18.05,-17.33,-9.92,-20.36,-3.39,-1.65,-9.59,-7.37,-1.19,-4.22,-8.74,-5.41,-8.55,-5.96,-9.15,-11.55,-16.0,-9.72,-18.86,-9.21,-9.56,-9.08,-8.4,-12.51,-26.63,-9.75,-5.83,-6.5,-13.84,-11.08,-15.46,-21.84,-12.92,-17.72,-14.95,-3.62,-0.82,-0.86,-5.49,-3.62,-3.11,-20.94,-12.29,-19.44,-11.71,-23.84,-16.95,-6.0,-5.46,-9.24,-21.88,-9.74,-8.65,-8.86,-2.97,-13.67,-9.73,-6.94,-12.81,-3.82,1.93,-0.86,-11.8,-5.59,-13.69,-8.08,-6.21,-0.82,-4.64,-5.14,-14.43,-23.87,-24.87
16.36,23.09,25.74,31.18,33.74,32.31,27.86,34.21,29.57,6.43,24.74,20.87,20.51,19.6,20.08,25.36,22.08,1.37,18.21,16.61,13.27,0.66,4.14,2.56,16.35,22.14,18.58,10.6,14.21,16.0,12.76,3.6,9.5,8.01,-3.49,3.48,8.0,9.88,12.83,14.65,12.38,11.11,7.49,-48.74,3.0,-1.59,3.98,9.86,15.17,12.78,8.05,7.45,1.4,6.76,8.43,8.83,4.5,12.06,6.67,9.15,8.41,1.83,0.4,-4.2,0.5,-1.29,2.45,1.15,4.36,-0.44,-10.54,6.43,10.79,4.6,-1.3,5.95,4.21,5.25,11.65,11.4,4.16,3.27,3.12,8.85,14.99,11.02,-7.62,9.05,11.14,9.32,8.97,8.54,0.6,8.81,11.76,-6.14,5.82,3.52,13.63,13.36,-0.9,4.91,10.18,7.08,7.21,12.04,12.24,12.27,11.27,6.12,13.04,13.09,7.22,-1.58,2.44,32.33,39.36,34.4,9.09,10.93,9.21,9.14,-4.18,-0.42,3.39,7.83,7.83,0.88,2.13,2.2,7.67,11.12,2.55,4.47,7.72,4.33,9.88,7.62,-1.53,7.14,3.88,8.4,8.35,6.06,8.44,8.65,-4.68,12.39,13.37,4.78,-1.36,7.51,10.77,12.54,12.01,9.96,9.14,7.92,4.02,3.68,2.99,1.74,5.36,8.3,5.81,-0.33,-1.55,6.6,10.65,7.37,0.4,4.66,-3.45,1.83,4.59,2.38,-0.9,3.79,5.59,1.98,3.99,4.0,-3.11,9.88,7.13,-3.65,6.43,7.8,6.89,-10.85,3.54,-5.37,7.76,7.12,-1.0,1.54,-0.21,2.25,7.94,9.18,7.08,6.0,-1.74,1.68,5.74,3.65,11.28,9.2,2.04,9.58,7.99,3.98,5.59,-3.72,4.2,-3.5,3.27,8.44,5.61,4.52,4.81,4.97,10.85,7.77,-3.77,-1.78,-0.88,5.04,5.38,-2.23,0.6,-1.14,0.3,-0.17,2.78,5.07,-4.57,6.26,7.75,6.07,4.04,8.48,11.65,5.01,-1.43,2.76,8.43,8.25,5.02,-4.44,-1.87,-11.36,0.39,1.33,-9.58,0.92,5.89,0.91,-9.78,1.15,0.21,-11.71,-2.24,-4.79,4.57,7.75,7.92,2.17,-2.03,4.25,10.9,7.7,3.17,5.17,6.78,5.28,-5.64,3.92,1.66,-1.42,-0.96,-2.49,-0.79,-3.65,3.83,3.54,-2.55,-3.45,-5.37,5.96,9.03,3.12,2.86,2.54,3.54,6.34,1.16,-5.71,1.92,-5.97,3.2,1.56,5.49,7.04,-0.48,6.51,8.59,0.9,2.92,-1.16,-4.7,2.99,4.03,6.08,4.79,-0.93,-3.48,-1.79,-4.4,3.66,4.27,-8.85,-0.08,-14.78,3.15,4.0,2.6,-7.45,3.12,5.87,-7.07,-0.16,-0.21,-2.28,1.24,-0.56,-5.38,-2.14,0.04,-2.79,-8.13,-0.14,-4.3,2.46,5.72,1.64,-6.59,-5.47,0.61,3.05,0.07,-3.64,-2.45,-1.84,-1.56,2.28,3.44,4.19,6.17,6.65,4.81,1.5,-7.4,-1.45,7.13,6.11,-10.81,2.19,1.96,-0.5,1.7,1.69,-2.89,0.28,-8.3,0.59,2.83,-2.81,0.51,-2.78,-4.87,3.67,0.23,-5.46,-5.45,-6.93,-0.0,-0.03,-4.56,-8.43,-12.45,0.91,0.95,2.56,0.67,25.81,30.77,23.73,-6.25,-10.66,-1.69,4.04,3.97,-3.08,2.0,2.91,2.8,2.51,-2.35,-2.7,0.4,-4.95,-11.1,3.25,3.49,-6.67,-4.55,-16.81,1.17,-1.76,-10.18,-2.36,-1.95,-1.76,-0.02,-2.18,-18.65,-0.51,3.41,-2.72,-8.74,-8.56,-7.95,-0.77,-0.58,-7.08,-8.27,-6.63,-13.95,-8.38,-2.18,-6.6,-23.4,-13.88,-9.16,-12.36,-11.35,-15.24,-13.38,-18.41,-13.97,-12.63,-6.27,-5.55,-8.32,-3.0,-10.5,-6.65,-7.01,-9.01,-14.2,-8.63,-8.15,-3.68,-1.4,-6.78,-12.9,-18.82,-14.31,-47.16,-10.43,-6.81,-5.85,-3.76,-5.74,-8.96,-11.08,-15.91,-22.33,-11.98,-10.6,-16.6,-8.12,-4.96,-7.06,-10.93,-3.61,-0.09,-6.07,-20.25,-19.44,-23.8,-11.07,-8.27,-6.84,-22.08,-4.38,-1.39,-6.68,-9.13,-7.65,-9.02,-5.45,-21.82,-3.41,0.76,-5.04,-4.88,-3.94,-9.4,-15.64,-27.41
8.89,34.59,30.69,9.17,33.58,40.29,36.69,19.91,16.53,18.81,21.61,26.49,32.82,28.52,7.99,18.6,17.95,7.87,12.57,-2.91,8.92,14.19,17.82,14.32,7.38,8.95,13.71,13.06,9.01,3.58,11.95,7.77,11.86,5.86,7.51,11.2,17.32,13.85,12.04,12.05,0.18,9.98,9.61,10.41,10.28,1.6,-5.69,-10.21,-10.04,3.87,6.41,9.78,9.38,8.96,10.36,7.31,9.02,11.41,8.58,-3.29,13.69,14.25,-0.4,7.64,0.05,4.16,2.5,5.39,7.6,2.78,8.19,9.63,8.01,5.86,2.28,6.8,5.57,4.78,1.11,-6.66,-13.61,2.03,3.88,-1.54,1.46,6.35,9.88,9.42,8.36,7.8,12.09,7.66,5.13,1.81,3.8,7.99,7.75,7.05,9.4,10.67,5.92,7.16,10.28,8.82,6.59,10.07,8.1,-3.45,4.52,5.01,9.07,1.1,13.01,11.41,6.51,31.56,38.94,34.29,12.18,10.76,11.69,-10.59,0.63,-0.97,6.04,9.31,13.3,12.78,7.67,1.37,-16.29,-12.37,-9.8,4.47,10.68,11.71,7.55,4.82,4.25,10.36,8.61,-7.91,-3.18,-14.87,0.78,-7.12,3.21,8.71,2.41,11.03,8.54,2.44,6.15,9.05,5.48,-1.79,5.75,3.64,2.86,9.08,9.38,10.04,8.59,6.21,3.36,-13.56,4.59,6.21,-13.72,-2.09,-3.37,6.56,12.39,7.05,3.5,8.04,13.02,7.4,4.76,9.61,6.98,9.54,9.39,2.33,1.22,-2.33,5.54,-3.53,1.56,8.43,6.97,9.31,11.31,8.42,7.48,6.37,-4.18,5.6,-0.97,0.55,7.48,6.43,12.31,11.33,8.82,-0.11,-1.61,5.75,3.72,7.51,8.32,4.86,5.58,-0.37,2.14,-12.07,5.72,9.58,9.44,8.68,11.48,7.27,3.23,6.82,0.88,-14.14,-1.08,-3.93,-2.77,3.81,6.5,5.87,6.17,6.81,4.04,1.36,-7.09,10.38,10.93,7.43,3.19,5.57,-0.54,-1.73,1.26,2.84,3.23,4.97,1.52,-0.79,-5.85,-4.94,-1.52,-1.7,2.81,5.16,4.29,5.1,2.73,-1.89,-1.7,-5.2,-6.2,-1.16,1.06,4.49,2.7,2.26,0.63,-2.41,-1.35,4.77,2.31,6.52,9.95,9.38,-7.97,0.23,2.85,5.58,4.89,4.53,5.12,2.38,-4.23,-5.5,-2.69,-15.63,-0.87,5.03,1.45,5.35,9.54,6.71,7.38,7.49,3.59,-14.46,-0.12,-2.7,3.18,2.45,5.82,4.98,1.12,3.1,-4.27,-2.97,6.0,8.44,9.39,3.47,4.44,-2.48,-4.19,2.37,-7.3,3.01,4.11,4.95,7.82,5.75,3.35,4.76,-2.14,-7.32,1.68,-6.14,-2.78,-1.69,5.27,5.41,2.78,5.34,0.48,2.96,8.57,3.58,-1.08,2.38,7.71,1.86,-8.19,-6.96,-19.03,1.19,-0.43,-18.87,-1.85,0.96,3.27,4.66,3.93,3.59,-2.66,-2.04,0.07,-7.52,-0.39,3.16,0.18,-3.51,2.41,4.88,-3.78,2.41,-3.08,-13.68,-5.71,-21.38,-9.84,-14.68,1.78,3.53,-2.68,-2.15,0.45,4.56,3.49,-2.77,-17.08,-19.92,-24.19,-6.23,-0.02,5.03,5.5,1.44,-1.88,-8.98,-7.56,-19.36,3.39,2.45,3.7,25.7,30.36,22.98,-2.18,2.52,4.11,-7.81,-0.04,-4.16,-4.69,-12.87,-1.39,0.55,-3.02,-0.91,0.48,-2.67,-4.1,0.57,-0.74,-3.23,-2.6,-2.48,-6.68,-9.01,-5.56,-3.32,1.17,-3.24,-2.82,-1.85,-1.47,-5.1,-10.08,-13.31,-7.92,-9.84,-26.14,-18.61,-11.22,-7.62,-6.87,-5.86,-10.27,-7.07,-4.94,-3.49,-4.99,-10.57,-5.94,-8.11,-11.41,-9.62,-14.14,-6.54,-14.77,-0.26,-0.84,-17.67,-6.39,-3.63,-6.16,-8.12,-5.17,-6.71,-6.54,-6.21,-9.78,-12.5,-26.25,-26.79,-22.71,-15.64,-7.13,-7.06,-8.22,-7.91,-18.0,-6.45,-6.48,-5.17,-1.75,-8.07,-11.84,-14.44,-8.21,-13.04,-8.57,-17.64,-12.44,-8.55,-8.2,-13.18,-15.39,-8.82,-5.63,-9.37,-15.36,-30.82,-12.43,-18.07,-8.44,-7.98,-20.38,-0.02,4.23,-2.39,-8.47,-12.03,-15.59,-14.63,0.89,4.23,-2.91,-27.57,-17.35,-14.9
-5.69,20.28,30.04,34.31,38.02,41.81,36.86,29.82,27.66,17.39,13.49,19.34,31.15,30.39,18.07,12.71,17.37,20.8,18.48,15.35,20.44,17.58,17.81,19.97,16.05,12.3,17.9,10.61,8.3,4.94,10.98,0.31,14.46,13.18,15.29,12.23,5.27,0.43,7.95,6.53,13.19,12.15,4.13,5.7,11.81,10.9,7.33,10.62,5.75,5.56,1.06,4.9,6.99,7.4,8.97,13.78,8.21,8.12,4.38,7.19,9.08,-5.24,1.81,-0.51,3.11,-17.69,1.03,0.13,-1.25,6.06,1.7,-10.74,-3.37,2.32,4.12,0.52,-0.56,-9.84,2.38,0.54,1.12,-4.72,6.36,6.69,6.99,11.24,11.78,8.98,-1.74,5.84,9.58,8.88,13.81,12.73,8.19,2.77,0.87,-5.48,13.74,9.76,9.24,8.91,6.48,2.0,9.18,5.3,13.79,14.32,8.56,2.83,9.97,9.86,10.45,12.64,13.73,31.19,38.46,33.45,-9.33,3.73,5.36,8.12,1.88,1.23,7.74,7.71,-1.94,1.97,10.24,6.18,-3.89,0.66,5.39,6.37,7.01,3.35,6.04,8.32,10.14,10.56,8.1,8.92,9.86,5.17,-8.57,0.48,2.94,4.06,-0.23,5.56,-1.38,1.99,1.16,2.59,3.4,9.16,8.93,1.85,6.61,3.47,-18.51,-3.42,0.43,2.96,-1.26,1.43,8.82,3.89,5.9,5.93,4.94,6.59,3.81,2.6,3.81,4.61,5.79,3.98,6.11,5.88,6.23,2.84,7.97,7.12,9.0,4.53,6.98,1.02,-4.38,-9.24,-0.5,0.76,-8.6,4.61,5.88,10.09,8.39,0.02,-1.07,1.59,-2.49,-0.68,-9.56,1.24,2.11,-2.83,1.37,-2.17,-13.33,-3.96,-4.4,0.25,2.34,6.68,5.67,4.1,6.89,-2.9,-0.8,4.44,3.63,6.49,7.77,2.41,2.54,-2.18,-1.47,-6.53,-1.52,-1.58,1.97,1.66,-1.55,-6.45,1.52,1.1,-2.09,3.41,0.75,-17.17,-13.86,-5.78,1.54,-0.59,1.84,-11.52,4.49,7.74,0.66,-18.28,-40.53,-4.21,2.16,4.41,-1.94,-4.51,-27.98,-4.55,-2.1,4.25,1.96,-4.44,-41.29,-18.59,0.18,7.25,3.99,-12.18,1.19,-1.29,0.81,-6.53,-14.64,-18.18,-0.26,2.42,-3.15,-0.05,0.36,-7.63,-2.88,0.34,0.55,-3.0,-3.0,-8.03,-3.13,-3.81,0.81,0.61,5.95,4.62,1.7,2.46,-2.82,-5.03,4.71,1.94,3.37,4.39,-0.03,-2.18,-6.87,-6.46,-15.81,-4.88,-1.31,-5.61,-0.73,-1.6,-12.46,-3.72,-5.47,-1.55,-4.16,-3.23,5.1,6.77,2.5,1.19,-12.2,-2.82,-4.05,-13.0,-8.08,-2.81,3.11,0.64,5.02,3.11,3.88,-1.3,2.03,1.62,1.79,-0.41,1.34,0.13,-0.75,-2.03,-0.88,1.82,0.16,1.03,0.99,-1.16,3.77,-3.62,-6.45,-2.32,-4.82,-8.84,-23.95,-2.06,1.05,-3.78,3.21,3.4,-2.38,-3.32,-4.8,-4.03,-7.61,-0.58,-6.48,-2.24,-3.44,-5.9,-15.19,-1.43,3.21,2.23,1.31,3.7,3.23,1.32,-0.99,-3.81,-0.21,-0.89,-1.98,-6.7,-11.42,-1.45,2.58,-5.73,-9.55,-0.22,-0.19,-6.76,-6.31,-0.08,-2.92,-4.58,-18.06,24.86,29.87,22.6,4.98,3.82,1.52,0.85,0.88,-6.24,-0.78,4.95,4.38,-4.26,-0.41,-7.82,-3.27,-1.03,-0.7,-0.42,3.61,-15.34,-9.42,-7.75,-2.39,2.04,3.08,-1.95,-1.37,-5.15,-13.05,-2.34,0.41,-0.22,-4.58,-5.01,-5.39,-16.55,-10.98,-11.55,-9.86,-21.95,-13.08,-12.1,-8.63,-10.48,-16.29,-23.81,-11.66,-7.26,-14.66,-13.53,-12.7,-30.9,-10.99,-14.48,-12.6,-19.52,-5.58,-7.45,-10.72,-6.87,-7.08,-1.63,-6.37,-8.39,-8.8,-11.09,-15.14,-10.92,-10.8,-6.2,-9.49,-6.34,-5.48,-11.78,-13.75,-5.84,-5.01,-11.51,-10.75,-18.05,-14.0,-7.2,-4.32,-6.66,-5.65,-19.1,-9.74,-16.14,-12.8,-11.33,-4.1,-9.58,-6.92,-3.02,-5.5,-6.23,-3.89,-8.81,-7.08,-4.68,-8.68,-13.97,-9.68,2.01,2.79,-9.48,-15.68,-13.76,-5.31,-3.27,0.83,5.64,0.63,-5.8,-12.94,-23.39
29.02,35.78,26.76,33.52,33.88,31.08,30.09,29.35,29.9,19.25,16.49,28.04,31.84,27.79,11.57,5.03,9.7,14.57,14.94,14.2,17.68,16.75,16.82,23.0,21.33,10.98,11.03,12.1,8.18,12.48,5.99,13.89,16.89,13.44,9.93,8.82,15.32,16.34,15.37,7.43,0.37,-4.48,3.48,7.23,9.94,8.53,2.7,11.38,10.09,2.5,-1.13,3.5,-7.02,12.69,16.01,13.57,9.3,7.24,6.09,2.79,-10.85,0.08,3.9,6.92,3.65,7.96,4.54,1.56,11.26,10.84,3.73,1.43,-3.46,-4.31,-13.02,7.49,5.71,6.11,2.3,-4.95,1.96,6.41,11.57,13.18,3.54,9.07,9.08,13.39,12.79,5.6,3.28,10.1,0.18,1.81,12.35,11.72,10.73,13.4,12.15,5.25,5.62,3.6,7.09,8.65,8.61,10.39,4.49,-3.0,4.38,8.14,10.21,5.02,5.18,5.04,4.15,32.05,38.91,34.42,14.8,7.0,6.95,8.0,12.52,14.98,13.08,10.32,8.17,4.99,6.58,11.67,12.33,9.68,7.4,-1.89,12.22,10.74,1.97,1.34,6.46,7.97,7.07,4.16,2.98,6.01,4.25,-6.33,1.86,8.88,10.04,8.17,5.88,10.57,12.53,16.19,11.52,2.17,9.17,8.8,3.3,3.63,3.76,2.69,-14.75,-5.18,3.43,6.72,10.32,8.8,-2.2,0.13,-1.3,-24.28,4.72,9.14,0.25,4.71,4.14,-5.61,0.37,6.86,11.18,10.52,-2.59,1.53,10.77,9.16,-1.51,5.35,6.07,2.95,-3.25,1.68,1.5,2.62,-0.54,3.1,0.77,-1.8,-6.4,2.48,3.46,-0.83,0.93,7.75,1.97,1.93,3.42,6.95,7.58,1.89,5.05,1.38,1.63,4.24,4.76,4.02,-5.68,-1.93,-4.08,6.18,7.35,3.94,-4.78,-0.87,7.4,9.2,3.43,8.18,11.83,11.81,5.53,-15.23,5.07,10.0,7.93,2.25,4.84,-0.29,1.64,-1.33,-10.6,-3.12,3.86,-2.09,-7.37,-1.17,4.46,4.72,-3.52,0.39,3.89,8.53,8.47,3.68,4.12,0.49,-11.49,0.39,4.03,3.51,8.24,8.28,3.58,0.05,-4.03,4.24,3.92,-1.71,-8.04,-2.83,3.12,-3.87,-11.57,-2.23,0.63,-1.24,3.74,1.17,6.73,8.78,3.81,-16.48,4.1,10.36,10.34,6.64,1.8,7.53,5.7,-2.62,-6.64,2.03,5.42,4.2,-6.08,-4.0,-7.83,1.77,2.52,1.91,-0.71,-1.11,2.59,-0.67,4.97,4.32,0.72,-0.82,-0.92,4.88,-1.96,-3.83,0.4,-0.6,-9.53,-5.04,-2.5,-0.24,-3.93,-0.82,-2.01,-1.87,-6.85,-0.78,2.35,1.56,-5.3,5.22,6.81,-2.45,-6.71,6.34,7.0,2.61,-3.91,-10.04,-0.33,0.23,-4.38,4.5,0.09,-28.74,-6.17,-4.7,-7.22,3.78,5.27,1.6,-1.72,-10.45,-20.27,-2.71,-1.68,-1.87,-2.29,3.15,3.48,-3.55,5.64,10.3,6.59,4.53,-0.16,1.97,3.82,2.59,-4.45,-12.71,-2.29,-0.55,-3.65,-2.57,0.28,1.12,-0.45,-5.63,-5.14,3.57,5.01,-8.93,0.02,2.24,4.82,4.11,-1.05,-2.75,0.34,2.42,5.11,6.94,4.44,-0.2,-1.3,-1.37,6.31,25.84,30.32,23.45,-4.67,-3.75,-3.78,-4.0,1.1,-1.02,-4.86,-12.27,-5.05,0.86,-1.0,-1.07,-2.69,-6.29,-4.38,-4.86,1.94,3.16,0.38,1.24,1.82,-8.7,-10.76,-0.77,-7.52,-5.52,1.6,2.15,-2.28,-2.38,-8.13,1.46,-0.18,-5.47,-10.03,-17.05,-10.06,-6.24,-6.84,-5.06,-25.75,-17.09,-16.49,-11.66,-9.56,-2.56,-2.19,-11.91,-9.27,-5.94,-10.29,-7.31,-10.25,-14.46,-24.87,-12.03,-8.8,-7.85,-5.95,-1.84,0.47,-2.91,-23.5,-12.44,-17.29,-14.2,-6.5,-5.4,-13.8,-8.67,-7.38,-10.27,-14.23,-22.32,-17.84,-11.13,-3.32,-2.51,-3.74,-10.31,-9.75,-6.46,-3.3,-6.33,-15.1,-8.46,-13.02,-9.71,-10.65,-11.71,-1.48,0.09,-6.38,-7.28,-6.41,-10.47,-10.2,-11.03,-16.18,-21.8,-16.58,-0.65,3.19,-0.98,-13.0,-13.02,-2.74,-3.42,-5.45,-4.74,-5.33,-5.55,-27.38,-14.93
-8.89,26.15,33.06,35.9,36.68,32.61,19.97,29.07,33.19,25.19,9.96,21.06,26.5,25.85,24.72,19.87,9.06,14.44,20.62,16.98,17.83,18.27,19.92,18.99,19.83,17.89,11.97,15.24,14.55,9.81,2.23,16.63,13.33,4.14,12.85,9.27,9.15,13.57,7.92,10.46,13.96,13.35,8.87,11.73,7.65,-11.54,3.52,6.64,5.16,-3.15,6.64,8.62,0.82,5.09,5.61,-0.74,-2.08,-0.6,3.34,4.54,4.91,11.58,10.34,5.8,8.32,6.12,-3.44,-0.61,-5.52,7.15,9.43,1.79,8.15,10.95,7.62,-0.04,6.54,9.1,-0.67,4.68,9.17,0.57,3.88,4.88,9.78,11.37,7.71,11.79,13.8,12.04,4.26,2.16,3.58,4.56,11.02,11.9,11.77,11.61,12.04,10.16,1.29,7.03,11.82,11.89,2.08,4.7,10.36,8.14,6.83,11.86,11.55,8.81,5.99,-11.18,7.36,31.52,38.51,33.16,12.35,6.09,9.68,7.03,3.58,-1.8,-2.18,3.82,8.53,8.67,7.51,0.62,5.64,0.15,0.57,0.52,7.84,8.52,2.4,2.48,-2.23,4.46,9.31,9.61,3.17,3.44,3.74,1.52,5.36,10.77,11.55,4.43,-0.08,9.23,8.96,4.07,-10.52,6.71,10.8,8.38,3.95,-2.89,4.61,1.29,-0.48,3.9,6.94,10.37,11.86,10.95,-0.9,3.43,2.7,7.46,5.0,-0.78,-4.18,-0.16,-0.51,-1.11,2.6,4.0,2.15,-1.13,-3.82,-13.87,8.08,11.11,5.78,5.84,6.45,-1.08,-6.91,3.16,6.08,-1.83,2.39,2.33,1.47,-3.83,6.01,7.53,5.52,0.81,-20.67,-0.83,2.16,6.84,10.88,11.95,9.81,5.24,6.62,4.61,9.02,6.83,10.76,10.92,-0.3,-6.22,4.4,6.7,-3.65,-1.84,1.88,4.67,5.85,-1.59,2.64,3.76,5.69,-0.49,-5.95,6.7,5.4,4.28,7.17,6.95,-0.82,6.89,4.53,6.72,-5.15,-4.01,-9.34,0.94,-31.03,7.5,6.09,2.7,3.26,-6.18,6.19,5.36,-2.8,-10.66,-5.03,-2.78,3.91,-2.77,-5.16,-10.74,-3.05,5.08,5.88,-6.49,2.81,2.24,5.53,6.94,-34.33,0.26,-10.04,-4.77,-6.04,5.78,3.61,5.87,-1.83,5.82,6.0,3.06,4.1,5.37,-7.23,-1.96,4.19,2.19,1.08,-3.33,4.13,2.9,0.06,-3.71,-5.68,4.69,2.38,-8.23,-2.55,8.69,8.52,4.49,6.66,2.18,4.13,2.71,7.19,9.3,8.18,4.1,-0.65,-3.7,-23.35,-2.19,2.46,4.43,2.87,-7.03,-1.81,-1.01,-0.99,-5.33,2.57,-0.37,-10.5,-4.82,2.71,2.07,1.89,7.2,4.14,-17.53,-7.9,-5.27,-2.09,-0.26,-1.71,-5.48,-4.98,-4.65,-8.83,-5.38,0.28,2.71,-2.1,-1.44,-5.97,5.94,6.8,5.25,1.76,-1.34,-5.8,-4.09,-0.83,-8.37,-1.63,2.72,5.11,0.98,-16.62,-1.86,2.98,3.22,-6.13,-1.78,5.31,4.49,-0.98,-4.91,-2.77,-3.13,-3.52,2.89,2.54,-2.34,-9.24,-4.51,-4.69,1.37,0.65,-6.7,-6.85,-7.29,-1.86,-7.08,-0.12,0.92,0.74,-4.03,-10.32,-9.68,-4.56,-1.23,1.44,-2.38,3.93,24.56,29.93,22.92,-1.34,-20.61,-2.94,-0.23,2.45,2.7,-2.4,-1.26,0.93,-4.79,-7.59,2.14,2.06,-2.86,-8.69,0.06,1.88,1.34,1.4,1.44,0.5,-6.05,-7.21,-8.63,-6.82,0.96,2.65,0.56,-3.66,-0.13,-1.74,-6.84,-7.89,-11.51,-2.85,-7.41,-13.07,-3.3,-5.86,-12.81,-5.11,-1.94,-4.72,-11.47,-3.81,-6.16,-18.82,-14.25,-17.13,-7.86,-5.67,-8.37,-4.03,-2.85,-9.61,-10.21,-11.53,-15.63,-17.31,-16.12,-10.03,-10.47,-15.15,-7.49,-9.47,-19.59,-11.44,-10.12,-13.36,-28.3,-9.87,-5.77,-8.89,-4.66,-4.19,-7.88,-10.85,-5.31,-9.76,-10.27,-6.7,-15.39,-7.05,-3.7,-17.7,-11.23,-6.83,-6.33,-9.93,-4.56,-2.76,-4.07,-3.46,-5.58,-6.34,-7.95,-4.41,-10.84,-17.56,-7.13,-2.73,-2.15,-2.18,-7.63,-21.01,-7.15,0.82,-3.27,-15.77,-4.81,-1.53,-4.52,-10.2,-19.53
28.61,34.59,28.63,27.6,35.68,35.95,32.0,23.42,27.53,24.0,25.46,27.29,14.35,21.49,11.36,22.93,21.92,11.15,6.23,9.17,13.79,7.7,13.54,17.03,17.45,18.2,15.47,13.87,12.02,14.98,14.3,10.71,-3.79,15.66,14.39,-4.37,6.35,11.8,13.12,9.56,13.29,13.07,1.82,1.53,7.31,11.12,12.92,-0.13,5.81,3.38,2.97,7.87,7.79,3.71,5.05,10.88,10.24,8.0,-1.65,9.77,12.32,11.29,1.66,12.98,12.38,7.71,8.56,-1.25,4.49,6.08,5.01,2.87,-3.52,6.51,3.96,-2.19,10.12,7.65,5.37,-3.08,-1.07,1.9,9.25,8.84,3.83,7.57,7.31,1.84,13.95,15.07,13.48,8.07,5.36,5.1,-3.28,4.66,1.99,4.52,2.04,5.48,9.75,7.2,7.35,0.83,4.6,11.55,2.74,-2.55,0.39,1.2,6.79,-6.0,5.07,3.09,-0.36,31.59,38.16,32.75,9.01,8.43,12.51,16.24,11.45,8.49,11.77,11.06,11.82,7.52,4.26,2.02,-1.3,7.44,3.9,2.17,7.82,1.06,-0.39,5.48,5.73,6.69,0.79,2.51,10.8,8.69,7.84,3.92,9.27,0.61,6.76,2.47,2.07,5.34,-1.17,8.09,10.89,9.6,7.43,7.26,7.82,5.0,0.17,5.37,-5.98,4.48,0.54,6.76,6.23,5.08,8.67,8.23,9.79,8.55,0.84,5.78,-8.23,5.49,9.31,11.13,11.65,4.92,5.09,5.82,-0.95,9.08,9.78,9.47,10.25,8.54,1.77,1.8,5.75,6.68,2.99,5.59,2.15,-21.03,2.18,2.48,3.99,11.03,10.18,8.3,5.7,6.69,4.5,-2.05,5.06,4.13,2.76,-2.47,5.79,6.34,-2.91,6.84,4.14,-1.25,-1.72,2.14,4.49,2.91,-2.86,5.94,-3.2,5.42,0.02,9.46,9.93,-0.27,3.68,1.42,6.39,8.68,6.54,-2.25,2.23,5.94,5.29,7.85,10.57,7.93,6.88,7.02,11.21,7.37,3.14,-4.49,-4.82,5.77,6.34,-7.86,-4.41,-0.28,-1.92,-3.67,-3.5,-14.65,-15.27,-14.78,-3.62,-3.82,-2.15,-0.54,-4.71,-8.33,5.89,5.32,-5.37,-5.09,2.5,6.66,10.45,6.25,6.02,7.0,9.61,6.85,4.22,4.81,1.07,-3.42,5.22,7.35,5.01,-0.03,2.19,-1.85,8.3,7.82,-1.63,3.63,-4.87,4.05,-4.64,0.91,2.44,0.04,-3.8,-3.52,1.86,4.53,-5.19,3.88,3.33,-5.08,0.19,1.45,2.37,-4.83,1.67,3.81,2.76,5.31,7.12,7.94,0.87,-0.76,-1.06,-24.45,-1.28,2.15,-0.54,3.13,2.13,-1.82,-2.02,4.75,6.39,5.57,5.79,5.08,-4.98,1.64,0.91,0.61,7.31,6.76,4.87,1.01,-13.05,1.15,-3.83,3.78,5.0,3.35,3.73,0.1,1.15,1.65,-4.68,-0.76,-11.38,-0.01,-5.23,-0.53,2.24,1.65,1.71,3.84,5.06,2.22,-7.13,-0.71,-3.96,-3.73,0.52,-5.73,2.91,-2.53,1.34,2.09,4.17,-4.13,-6.08,-0.16,-1.19,-1.52,-7.38,-6.15,0.6,-5.02,-3.51,0.02,-8.7,-5.6,-3.4,-0.24,4.0,3.19,3.8,0.5,3.29,8.04,4.3,-0.01,0.65,24.15,29.57,22.99,-9.18,-5.74,-3.9,-14.65,-2.32,-7.89,-8.92,-11.86,-6.85,2.02,-4.92,-8.94,-2.47,-2.69,-0.24,-4.53,-8.17,-5.73,-8.37,-5.81,-13.69,-5.64,-5.31,-2.88,2.53,4.0,2.82,-9.22,-4.11,-3.86,-7.77,-2.89,-2.52,-9.94,-13.13,-15.4,-6.86,-4.77,-2.35,-14.5,-8.81,-6.32,-16.28,-10.3,-8.21,-7.29,-8.94,-14.85,-5.3,-6.1,-1.72,-1.12,-12.69,-3.2,-2.27,-4.95,-16.29,-7.13,-4.97,-4.49,-10.34,-12.08,-8.08,-8.17,-13.15,-13.04,-10.8,-17.24,-4.06,-5.94,-10.01,-15.9,-16.17,-4.97,-4.82,-8.82,-5.59,-6.92,-12.87,-23.44,-5.31,-4.15,-22.53,-9.76,-6.5,-5.89,-9.36,-7.77,-6.5,-4.17,-5.06,-6.04,-9.56,-16.69,-10.46,-15.01,-18.95,-15.28,-4.47,-3.63,-15.47,-6.72,-14.38,-2.38,-4.3,-7.73,-4.62,-10.96,-2.88,-0.76,-1.94,-11.04,-19.67,-16.5
21.33,31.67,27.57,24.62,30.84,33.34,34.37,32.24,12.77,17.14,24.49,18.0,30.26,26.88,18.95,16.31,16.59,19.44,20.98,23.5,12.69,10.98,11.97,14.08,17.14,18.34,21.03,20.61,12.79,-1.55,11.14,14.32,4.19,15.39,8.93,14.25,15.3,7.15,10.62,3.76,2.94,8.0,9.87,3.92,6.61,5.69,-0.79,2.23,3.26,-6.39,-11.12,5.23,11.65,10.31,9.45,11.67,5.0,-2.68,4.98,13.02,12.47,7.18,7.63,8.12,2.62,5.99,8.87,6.65,3.84,2.64,-5.42,3.62,8.19,8.82,3.45,3.04,4.05,6.22,4.83,3.81,5.21,10.68,8.79,5.75,7.24,12.44,13.44,8.92,2.75,9.07,10.59,8.51,-0.35,5.55,-23.84,2.53,1.58,4.84,8.78,6.45,9.16,2.3,5.81,10.72,8.55,-3.67,2.16,8.47,-15.75,0.54,3.99,-0.07,-9.01,2.08,-2.76,31.7,38.8,33.77,5.2,7.1,8.09,-10.4,3.45,5.8,8.64,6.21,7.72,7.72,3.05,3.21,5.32,0.16,-15.9,3.81,-2.98,5.63,8.97,4.28,5.65,1.95,8.29,2.68,6.38,4.16,6.04,8.51,5.86,5.79,0.76,11.48,3.62,4.22,1.36,1.89,11.19,8.69,11.22,12.39,5.16,6.73,9.74,4.22,4.1,8.65,10.45,9.59,7.47,10.95,12.84,6.84,6.7,10.41,7.22,4.48,7.69,7.1,10.1,11.06,2.06,7.29,12.13,12.18,9.99,4.47,0.56,10.21,13.48,10.35,8.12,9.6,10.34,10.37,7.79,-2.26,4.39,7.9,7.16,-0.63,7.45,9.53,4.61,-10.25,1.86,11.62,11.19,7.02,-3.03,1.39,-4.62,2.3,-14.9,4.17,3.1,4.76,-0.22,3.87,-5.16,-9.45,1.21,7.1,2.32,-3.85,1.93,2.98,-1.11,0.34,4.97,3.72,6.98,6.38,-10.36,1.0,3.04,9.73,11.4,2.44,0.01,1.16,-1.53,2.5,-3.2,8.41,8.9,-0.62,-2.33,2.54,8.85,-4.69,6.5,0.62,-0.42,4.85,-3.12,2.0,6.25,1.44,-14.2,1.34,6.14,1.87,-3.41,4.58,-0.69,0.19,6.08,-5.25,8.31,2.01,-2.95,-1.34,8.13,7.64,-4.12,1.62,-2.49,0.13,-1.03,1.25,10.21,8.52,1.78,-0.35,-11.76,4.93,5.48,2.18,3.36,-1.28,-2.87,1.21,0.11,-5.7,0.33,5.12,-0.81,-11.45,-7.41,1.66,-2.49,2.44,0.73,1.73,-16.94,-0.23,-7.37,-1.21,-5.83,4.24,8.36,8.76,-1.0,-13.14,1.53,6.42,4.31,-3.88,3.88,4.57,1.04,-5.78,4.27,6.81,6.72,5.93,4.38,6.54,9.63,6.33,-3.39,0.43,5.88,8.04,7.92,3.07,-2.36,6.67,5.67,2.59,3.12,-0.11,2.49,5.67,1.91,1.92,7.9,5.97,2.41,4.46,5.26,3.41,-1.17,-1.21,4.3,1.26,-0.47,6.75,5.54,2.9,5.38,-3.93,-4.66,-1.79,-2.59,5.32,-5.34,-0.52,-0.5,2.06,-0.42,-2.48,-0.22,-4.15,1.53,-4.97,-1.25,-2.75,1.9,-1.47,-10.33,-3.44,-22.91,-7.3,-2.21,-4.33,-4.71,0.0,-0.1,-1.66,0.69,-2.22,-4.67,-18.8,-0.2,-1.29,-3.23,25.18,30.21,23.11,-11.21,-6.7,-17.91,-9.17,-5.09,-8.71,-24.19,-0.9,-7.17,-13.36,-1.11,1.02,-3.92,-7.63,-0.86,-3.56,-1.42,-5.34,-8.87,-7.87,-32.45,-5.14,-10.99,-2.37,-0.36,-1.96,-8.36,-2.41,2.06,0.99,-4.3,-6.02,-2.99,-1.25,-6.68,-8.31,-7.44,-6.16,-8.39,-9.61,-9.31,-4.04,-4.76,-9.43,-18.88,-10.69,-9.67,-7.02,-4.86,-7.9,-11.35,-6.1,-6.62,-7.33,-2.18,-1.7,-9.79,-17.7,-10.34,-3.74,-6.0,-5.44,-4.19,-10.68,-27.65,-22.69,-13.43,-14.45,-17.57,-11.62,-10.62,-13.84,-7.86,-10.0,-14.9,-14.73,-8.13,-11.48,-3.93,-4.92,-10.84,-4.53,-15.05,-6.17,-9.3,-22.93,-8.91,-1.06,-0.86,-3.93,-5.44,-8.9,-11.3,-12.86,-12.41,-1.26,-3.99,-6.13,-9.37,-10.66,-8.38,-1.51,1.65,-9.76,-5.7,-14.74,-16.02,-2.03,0.09,-3.23,-6.27,-15.52,-21.82,-15.72
26.09,37.04,35.6,23.41,27.58,25.63,30.25,33.96,27.28,23.34,26.63,19.16,26.5,26.33,18.26,18.68,21.99,18.07,21.92,20.88,19.32,19.06,15.98,14.59,11.77,11.38,6.19,10.18,5.93,8.75,7.99,5.72,-3.6,4.78,14.56,13.57,13.32,6.46,9.1,3.23,9.09,13.41,11.87,8.01,9.46,8.72,-1.94,3.42,6.8,10.07,4.09,2.99,3.35,4.85,9.85,0.72,8.43,8.21,15.45,14.53,16.42,12.49,2.73,4.74,3.25,6.04,6.36,5.34,-4.2,2.08,1.32,-1.07,2.58,8.8,8.23,6.02,1.61,9.07,10.48,4.58,-9.23,0.35,5.28,7.86,6.23,4.7,6.29,5.39,2.01,3.3,1.11,-1.89,3.54,-11.08,8.31,8.12,8.86,12.5,9.14,4.3,11.95,11.02,10.72,10.79,8.42,2.12,-1.35,-2.75,8.07,13.04,4.4,7.52,10.29,13.0,4.35,32.11,39.4,34.61,7.21,7.03,4.57,-0.15,5.83,11.92,8.44,4.64,4.55,-1.66,0.63,6.66,10.85,10.65,8.28,7.94,3.99,-0.13,7.74,8.5,6.55,-16.82,1.33,4.36,6.65,1.15,-10.81,-1.41,4.68,1.81,5.28,3.24,-5.99,-25.05,3.28,0.74,-2.28,-1.11,4.38,8.62,8.8,1.39,-7.65,2.3,0.11,3.25,-9.84,3.29,-2.13,-11.77,-0.75,0.01,6.14,5.93,8.39,4.9,-2.27,9.17,9.08,8.57,6.53,4.62,-14.66,8.09,6.29,2.19,-4.3,1.15,0.39,0.72,2.34,1.51,9.52,6.99,-1.51,1.1,3.08,2.89,-3.17,-3.17,-0.63,2.1,4.55,2.73,-3.7,3.87,6.22,8.46,6.97,9.27,7.81,6.36,8.96,8.14,1.55,6.8,9.82,10.53,7.37,1.28,9.11,1.31,1.93,2.66,8.1,10.8,-2.26,4.26,-1.68,1.51,-0.39,7.87,7.7,5.68,6.23,7.32,8.85,6.41,4.03,-10.94,4.74,-5.81,3.66,7.49,11.36,11.36,8.96,9.97,5.78,4.67,8.64,7.36,8.86,7.16,4.35,-3.85,1.68,-3.15,-10.05,-3.24,1.58,-4.09,4.14,6.88,8.54,6.99,8.2,4.23,5.21,9.39,8.32,10.66,10.62,6.7,2.82,-6.83,3.78,-11.95,2.96,5.27,7.67,6.1,4.95,4.34,6.29,6.44,-1.84,-0.08,-3.21,2.56,-3.97,9.01,6.31,0.76,0.03,-0.76,7.07,-0.74,5.17,8.33,7.54,4.52,-0.84,5.7,6.48,3.83,5.2,6.62,4.26,5.69,3.41,1.03,-6.62,-0.29,1.52,-1.0,-3.77,-6.38,-6.46,-0.45,-0.31,-2.33,-5.03,3.4,5.91,-2.11,-1.41,-3.07,-3.43,-2.8,-8.15,-1.84,2.18,3.96,-18.54,0.36,2.19,4.19,4.63,4.67,-6.7,0.25,3.69,1.2,1.32,-4.79,-5.7,-16.55,-7.25,-1.82,-15.33,-1.99,-5.2,-3.07,-12.97,-4.18,3.22,2.99,-1.29,-6.85,-8.11,-5.25,-2.63,-30.6,-12.11,-2.96,-0.93,-4.49,-1.69,-7.75,-17.34,-5.48,0.0,-2.33,-5.46,-23.68,-0.39,1.5,0.68,-7.21,-3.24,0.64,0.93,3.2,3.36,-0.91,-6.98,-9.51,-3.24,-3.25,0.45,3.89,-2.2,-8.43,-3.7,-1.35,-1.3,26.02,30.81,23.52,-4.49,4.17,1.37,-1.47,-4.79,3.85,-1.13,-12.13,-10.78,-7.46,-1.22,1.07,0.93,1.12,1.98,-5.73,-1.06,2.23,-1.43,-2.4,-2.18,-21.82,-7.25,-12.56,-9.89,-7.8,-9.06,-5.94,-5.03,-6.82,-5.34,-3.86,-6.47,-11.48,-21.42,-7.62,-1.8,-3.25,-10.9,-6.59,-4.53,-4.03,-10.31,-14.2,-11.91,-11.34,-17.36,-8.35,-7.42,-7.76,-10.83,-9.56,-11.31,-2.07,1.83,-0.21,0.53,-6.61,-6.86,-14.54,-5.7,-10.69,-12.62,-12.94,-12.24,-6.34,-9.68,-13.35,-18.88,-8.51,-7.82,-9.55,-5.95,-4.54,-8.93,-15.53,-9.46,-12.55,-5.83,-5.81,-4.98,-14.72,-24.32,-14.69,-12.78,-12.2,-15.48,-11.38,-15.64,-11.14,-10.68,-8.7,-7.26,-4.97,-4.74,-4.02,-3.04,-7.69,-4.26,-7.68,-9.52,-1.91,-1.95,-10.55,-3.68,-7.35,-6.05,0.49,-3.73,-9.21,-12.73,-13.12,-11.17,-11.03
3.18,26.25,28.46,21.13,23.27,29.82,33.75,35.29,31.81,24.11,19.17,13.87,29.2,31.84,22.72,11.18,18.54,17.79,-2.36,9.98,15.87,15.91,5.66,6.72,-1.99,3.62,11.39,1.9,4.08,8.79,5.44,15.2,17.96,15.84,13.63,11.7,13.4,11.17,12.63,5.62,1.87,9.05,-15.22,12.11,9.75,3.54,3.85,-3.67,-11.38,8.52,11.93,-2.25,8.46,9.24,7.25,6.3,9.05,5.2,9.26,8.58,3.65,9.8,9.5,2.22,8.14,8.22,-4.8,12.53,13.38,11.41,5.8,6.52,1.07,-4.32,3.68,3.79,0.31,10.92,6.13,4.87,2.78,-5.7,2.67,1.31,0.46,6.72,4.22,4.73,3.29,3.88,6.45,6.68,10.95,12.51,13.11,12.8,10.25,4.37,6.09,5.61,2.69,6.88,5.9,5.37,5.76,6.85,-1.05,0.67,6.35,6.41,12.62,13.13,9.38,8.74,13.01,32.54,39.46,34.53,9.65,11.9,8.51,11.14,11.62,9.38,5.96,-0.51,3.14,8.26,6.98,3.22,4.79,3.36,1.09,6.17,10.24,9.42,4.64,4.92,4.75,2.79,0.09,2.37,10.68,12.26,7.54,2.64,9.52,6.81,7.05,9.67,10.1,9.91,10.28,9.06,8.26,0.46,7.68,-1.76,-3.84,-2.65,5.07,3.63,7.98,2.83,4.01,8.79,6.93,1.15,8.55,7.54,-15.38,8.07,10.55,11.09,11.92,9.97,1.94,6.2,4.57,8.07,12.68,10.47,5.58,4.24,-2.32,0.59,-7.05,4.63,4.43,9.31,8.33,2.17,1.85,1.13,0.84,-1.33,5.97,10.93,9.85,-0.13,3.25,8.95,-15.7,8.96,8.84,2.39,6.02,6.37,5.63,2.48,7.54,3.32,9.8,7.48,6.78,4.19,-0.26,5.43,9.7,3.21,-3.88,6.13,8.47,4.3,8.38,10.6,6.71,7.4,5.63,-1.32,-3.04,6.26,5.09,5.35,-7.37,-0.79,-1.6,0.89,9.8,6.37,5.83,5.92,-6.93,8.19,1.81,2.92,1.16,8.91,1.59,-1.29,-0.83,-5.03,3.78,4.31,2.3,-9.46,-1.63,-9.6,2.19,4.15,3.58,-5.29,-1.15,-1.66,1.12,8.42,0.72,2.32,1.11,7.51,-7.5,5.1,5.0,5.43,8.84,-0.07,-2.64,-1.92,-8.73,4.12,3.79,4.94,-4.41,-2.77,4.1,5.86,5.09,8.93,6.68,2.51,6.64,4.28,-5.78,1.19,7.65,3.38,-2.43,1.97,4.52,5.16,7.42,0.96,5.04,0.01,3.02,3.72,3.32,-0.41,6.02,6.1,-18.73,5.96,0.27,-3.3,6.67,7.72,2.72,-4.68,-2.53,-2.34,-1.65,-1.37,4.68,5.66,0.69,0.85,-10.89,-3.3,-6.34,0.21,1.49,6.29,8.48,3.84,0.23,1.82,-2.5,5.44,7.36,6.46,5.85,3.34,-20.78,2.65,3.62,-3.79,1.83,3.69,-1.18,-2.45,2.68,-1.77,-0.35,-8.1,-9.44,-7.45,1.96,-5.25,2.42,3.16,4.3,3.89,4.01,3.5,0.86,0.47,3.17,-3.76,0.99,5.69,4.05,-4.28,-6.72,-4.05,-2.2,-2.05,-2.45,2.26,3.04,-1.08,-6.28,-4.08,-2.71,-4.36,-0.7,0.54,-4.63,-8.36,-2.05,1.34,3.47,2.99,0.18,3.56,1.18,25.94,30.87,23.95,4.26,-0.07,0.45,4.09,3.55,-2.76,-2.91,-8.62,-10.61,-2.7,-3.82,-4.37,-3.94,-2.96,-7.44,-4.41,-4.09,-5.9,-0.13,2.34,2.55,1.85,0.23,-4.17,-4.51,-7.14,-7.88,-6.54,-7.15,-4.77,-10.98,-10.46,-9.08,-17.7,-9.27,-7.26,-6.21,-1.44,-11.96,-8.83,-9.04,-16.97,-12.01,-6.57,-7.47,-1.96,-0.12,-1.06,-18.01,-5.7,-5.86,-11.94,-4.87,-4.61,-10.9,-6.22,-5.6,-9.88,-6.18,-9.01,-8.33,-6.48,-7.36,-18.81,-4.31,-7.75,-27.79,-20.43,-13.23,-13.5,-7.72,-5.37,-34.22,-8.9,-16.05,-12.98,-6.03,-7.69,-5.68,-7.66,-5.99,-4.07,-2.2,-5.06,-15.13,-12.35,-16.73,-20.18,-10.62,-18.08,-24.38,-16.42,-17.63,-8.18,-8.07,-15.29,-24.14,-8.02,-7.52,-14.94,-5.26,3.66,1.06,-15.67,-11.1,-7.33,-1.02,1.99,-0.72,-5.93,-13.63,-20.71,-17.73,-18.82
5.08,27.94,29.52,15.43,30.0,33.24,23.79,32.22,29.28,21.4,20.86,25.45,25.27,13.69,15.83,14.78,19.79,15.16,23.46,23.97,9.86,11.04,5.97,0.94,10.98,20.05,20.95,15.0,12.91,12.66,12.57,13.14,9.77,14.04,15.02,10.58,9.44,16.18,12.27,11.37,13.77,11.96,7.12,5.98,7.88,0.04,4.8,3.35,9.97,9.52,5.5,3.84,6.63,7.87,4.61,-4.03,5.6,10.94,12.49,12.79,8.37,7.33,1.61,8.71,8.87,3.74,1.17,7.75,8.1,6.63,9.15,10.75,9.19,3.55,6.59,7.01,5.0,8.01,9.59,11.34,11.04,5.05,8.27,12.44,1.14,7.31,5.53,3.28,-0.49,4.03,4.71,6.28,2.73,-7.15,2.49,8.06,10.14,7.91,2.69,-0.06,7.24,4.87,7.34,4.07,9.43,9.42,-20.12,6.38,3.18,-1.1,5.29,4.76,5.78,9.76,15.4,32.11,39.74,35.22,13.39,2.15,0.09,11.69,16.62,13.32,2.53,-4.38,-5.69,7.96,10.96,1.05,11.99,11.12,6.19,5.23,-5.89,5.14,-7.07,1.11,3.15,3.0,5.71,7.5,6.6,4.1,-2.39,7.59,3.2,1.43,-7.58,-10.22,4.42,9.32,9.07,2.94,8.4,10.04,3.29,8.14,10.98,8.77,7.9,5.89,3.93,5.27,7.9,7.61,-9.35,4.85,5.8,3.73,9.15,3.18,-4.77,-4.4,7.57,9.73,5.8,11.67,7.82,4.34,8.83,2.81,-0.36,-0.09,-25.26,-6.33,-3.12,3.36,2.86,-0.02,0.9,6.02,3.36,-4.13,4.84,4.54,-0.57,2.44,-2.78,1.52,5.17,4.7,1.54,-0.67,0.73,7.81,6.09,0.28,-3.09,7.26,6.08,-1.37,1.29,-4.67,4.01,7.69,0.41,2.27,5.82,3.97,7.72,9.76,3.29,0.87,8.84,7.32,3.54,9.85,3.94,-5.95,-0.74,4.47,6.31,3.86,8.11,4.68,3.1,4.78,4.14,1.45,-6.12,-1.04,-4.3,-4.49,-4.57,2.91,6.6,3.5,6.53,5.46,-0.04,-6.98,0.47,2.34,-0.4,-14.0,-3.97,-14.21,-0.51,2.17,0.3,-7.27,-0.39,5.07,6.11,3.02,6.06,2.36,-5.24,-5.15,-5.07,-1.85,-6.93,0.52,3.17,3.76,2.05,3.55,6.93,2.64,5.03,3.13,-2.07,-7.39,2.39,8.29,2.0,5.64,7.13,-0.85,1.42,7.87,5.81,1.97,3.77,0.2,-1.81,5.48,1.78,-7.01,-1.08,-3.78,3.56,4.74,-5.61,-2.38,3.36,5.05,-2.02,-3.54,-1.42,1.7,2.15,-1.58,-5.96,-0.77,-3.86,1.21,1.46,-7.51,-0.17,2.46,-2.68,-3.71,-0.88,-0.43,-6.91,-10.31,-29.04,-4.11,-4.52,-1.32,4.6,0.15,3.47,7.28,1.4,5.2,3.05,-9.04,-9.47,-1.62,4.34,-1.1,0.84,-0.12,-14.58,2.46,2.74,0.02,-1.36,0.46,2.48,3.24,5.4,2.56,-2.45,4.27,2.6,-2.97,3.09,3.3,-1.63,-16.31,-13.86,-4.91,-3.2,1.17,-8.79,-2.5,-0.05,0.79,-1.07,-3.8,-3.81,-5.85,-14.3,-1.99,-13.2,-2.04,-1.19,3.67,4.49,-6.35,3.27,0.31,-13.61,-12.28,-5.44,5.23,8.51,3.54,-8.12,-6.24,4.9,26.64,31.16,23.52,6.66,0.94,-3.11,-4.27,-3.8,-10.19,-6.18,-2.95,-28.31,-0.16,-0.15,-5.67,-2.47,-4.98,-2.76,-9.97,-7.53,-2.37,-0.23,-2.36,-8.06,-17.67,-8.06,-4.57,-6.24,-7.01,-11.62,-8.01,-5.84,-4.18,-10.48,0.72,-3.41,-6.93,-1.0,-0.77,-2.66,-4.34,-7.48,-5.6,-6.13,-9.31,-3.81,-2.36,-4.04,-6.74,-5.4,-5.85,-12.47,-10.2,-5.21,-5.39,-12.67,-7.2,-6.23,-2.01,-2.38,-4.1,-9.5,-19.47,-11.0,-7.84,-9.17,-12.22,-10.74,-6.92,-6.56,-13.45,-12.05,-17.45,-9.44,-11.53,-10.68,-6.06,-4.4,-6.97,-6.45,-2.7,-9.35,-8.95,-4.61,-5.72,-10.4,-7.31,-8.06,-8.39,-8.33,-6.76,-1.09,-2.1,-11.42,-21.66,-17.43,-13.0,-15.48,-0.84,-1.51,-10.64,-6.26,-11.85,-11.59,-16.24,-3.48,-4.03,-8.47,-10.5,-3.26,-1.26,-9.72,-3.33,-6.81,-19.38,-16.99,-17.32
